sample_index,video_id,subject,label,score,prediction,threshold,variant,seed,policy
0,S1_ADL_01,1,0,0.8907170295715332,1,0.5,A0_pose_average,142,fixed
1,S1_ADL_02,1,0,0.6733793616294861,1,0.5,A0_pose_average,142,fixed
2,S1_ADL_03,1,0,0.8263176083564758,1,0.5,A0_pose_average,142,fixed
26,S1_FALL_11,1,1,0.4155689775943756,0,0.5,A0_pose_average,142,fixed
28,S1_FALL_13,1,1,0.004154560621827841,0,0.5,A0_pose_average,142,fixed
0,S1_ADL_01,1,0,0.8907170295715332,1,0.22499999999999998,A0_pose_average,142,balanced
1,S1_ADL_02,1,0,0.6733793616294861,1,0.22499999999999998,A0_pose_average,142,balanced
2,S1_ADL_03,1,0,0.8263176083564758,1,0.22499999999999998,A0_pose_average,142,balanced
28,S1_FALL_13,1,1,0.004154560621827841,0,0.22499999999999998,A0_pose_average,142,balanced
0,S1_ADL_01,1,0,0.8907170295715332,1,0.22499999999999998,A0_pose_average,142,sensitivity
1,S1_ADL_02,1,0,0.6733793616294861,1,0.22499999999999998,A0_pose_average,142,sensitivity
2,S1_ADL_03,1,0,0.8263176083564758,1,0.22499999999999998,A0_pose_average,142,sensitivity
28,S1_FALL_13,1,1,0.004154560621827841,0,0.22499999999999998,A0_pose_average,142,sensitivity
32,S2_ADL_01,2,0,0.6488208174705505,1,0.5,A0_pose_average,142,fixed
43,S2_ADL_12,2,0,0.5573675632476807,1,0.5,A0_pose_average,142,fixed
53,S2_ADL_22,2,0,0.5006847977638245,1,0.5,A0_pose_average,142,fixed
60,S2_FALL_06,2,1,0.27779144048690796,0,0.5,A0_pose_average,142,fixed
66,S2_FALL_12,2,1,0.28512734174728394,0,0.5,A0_pose_average,142,fixed
67,S2_FALL_13,2,1,0.45613303780555725,0,0.5,A0_pose_average,142,fixed
69,S2_FALL_15,2,1,0.20125794410705566,0,0.5,A0_pose_average,142,fixed
72,S2_FALL_18,2,1,0.03726346418261528,0,0.5,A0_pose_average,142,fixed
73,S2_FALL_19,2,1,0.09546595066785812,0,0.5,A0_pose_average,142,fixed
74,S2_FALL_20,2,1,0.09956726431846619,0,0.5,A0_pose_average,142,fixed
75,S2_FALL_21,2,1,0.08423491567373276,0,0.5,A0_pose_average,142,fixed
77,S2_FALL_23,2,1,0.38743582367897034,0,0.5,A0_pose_average,142,fixed
32,S2_ADL_01,2,0,0.6488208174705505,1,0.49999999999999994,A0_pose_average,142,balanced
43,S2_ADL_12,2,0,0.5573675632476807,1,0.49999999999999994,A0_pose_average,142,balanced
53,S2_ADL_22,2,0,0.5006847977638245,1,0.49999999999999994,A0_pose_average,142,balanced
60,S2_FALL_06,2,1,0.27779144048690796,0,0.49999999999999994,A0_pose_average,142,balanced
66,S2_FALL_12,2,1,0.28512734174728394,0,0.49999999999999994,A0_pose_average,142,balanced
67,S2_FALL_13,2,1,0.45613303780555725,0,0.49999999999999994,A0_pose_average,142,balanced
69,S2_FALL_15,2,1,0.20125794410705566,0,0.49999999999999994,A0_pose_average,142,balanced
72,S2_FALL_18,2,1,0.03726346418261528,0,0.49999999999999994,A0_pose_average,142,balanced
73,S2_FALL_19,2,1,0.09546595066785812,0,0.49999999999999994,A0_pose_average,142,balanced
74,S2_FALL_20,2,1,0.09956726431846619,0,0.49999999999999994,A0_pose_average,142,balanced
75,S2_FALL_21,2,1,0.08423491567373276,0,0.49999999999999994,A0_pose_average,142,balanced
77,S2_FALL_23,2,1,0.38743582367897034,0,0.49999999999999994,A0_pose_average,142,balanced
32,S2_ADL_01,2,0,0.6488208174705505,1,0.27499999999999997,A0_pose_average,142,sensitivity
35,S2_ADL_04,2,0,0.4472895860671997,1,0.27499999999999997,A0_pose_average,142,sensitivity
43,S2_ADL_12,2,0,0.5573675632476807,1,0.27499999999999997,A0_pose_average,142,sensitivity
45,S2_ADL_14,2,0,0.43643060326576233,1,0.27499999999999997,A0_pose_average,142,sensitivity
47,S2_ADL_16,2,0,0.47242850065231323,1,0.27499999999999997,A0_pose_average,142,sensitivity
53,S2_ADL_22,2,0,0.5006847977638245,1,0.27499999999999997,A0_pose_average,142,sensitivity
69,S2_FALL_15,2,1,0.20125794410705566,0,0.27499999999999997,A0_pose_average,142,sensitivity
72,S2_FALL_18,2,1,0.03726346418261528,0,0.27499999999999997,A0_pose_average,142,sensitivity
73,S2_FALL_19,2,1,0.09546595066785812,0,0.27499999999999997,A0_pose_average,142,sensitivity
74,S2_FALL_20,2,1,0.09956726431846619,0,0.27499999999999997,A0_pose_average,142,sensitivity
75,S2_FALL_21,2,1,0.08423491567373276,0,0.27499999999999997,A0_pose_average,142,sensitivity
84,S3_ADL_05,3,0,0.6765661239624023,1,0.5,A0_pose_average,142,fixed
85,S3_ADL_06,3,0,0.5190367102622986,1,0.5,A0_pose_average,142,fixed
87,S3_ADL_08,3,0,0.9849064946174622,1,0.5,A0_pose_average,142,fixed
122,S3_FALL_21,3,1,0.4899314045906067,0,0.5,A0_pose_average,142,fixed
84,S3_ADL_05,3,0,0.6765661239624023,1,0.42499999999999993,A0_pose_average,142,balanced
85,S3_ADL_06,3,0,0.5190367102622986,1,0.42499999999999993,A0_pose_average,142,balanced
87,S3_ADL_08,3,0,0.9849064946174622,1,0.42499999999999993,A0_pose_average,142,balanced
84,S3_ADL_05,3,0,0.6765661239624023,1,0.37499999999999994,A0_pose_average,142,sensitivity
85,S3_ADL_06,3,0,0.5190367102622986,1,0.37499999999999994,A0_pose_average,142,sensitivity
87,S3_ADL_08,3,0,0.9849064946174622,1,0.37499999999999994,A0_pose_average,142,sensitivity
127,S4_ADL_05,4,0,0.9964696168899536,1,0.5,A0_pose_average,142,fixed
128,S4_ADL_06,4,0,0.9774558544158936,1,0.5,A0_pose_average,142,fixed
129,S4_ADL_07,4,0,0.8921685814857483,1,0.5,A0_pose_average,142,fixed
132,S4_ADL_10,4,0,0.9817314743995667,1,0.5,A0_pose_average,142,fixed
144,S4_FALL_02,4,1,0.16755415499210358,0,0.5,A0_pose_average,142,fixed
145,S4_FALL_03,4,1,0.11936813592910767,0,0.5,A0_pose_average,142,fixed
152,S4_FALL_10,4,1,0.29865390062332153,0,0.5,A0_pose_average,142,fixed
154,S4_FALL_12,4,1,0.15635119378566742,0,0.5,A0_pose_average,142,fixed
156,S4_FALL_14,4,1,0.47471997141838074,0,0.5,A0_pose_average,142,fixed
127,S4_ADL_05,4,0,0.9964696168899536,1,0.775,A0_pose_average,142,balanced
128,S4_ADL_06,4,0,0.9774558544158936,1,0.775,A0_pose_average,142,balanced
129,S4_ADL_07,4,0,0.8921685814857483,1,0.775,A0_pose_average,142,balanced
132,S4_ADL_10,4,0,0.9817314743995667,1,0.775,A0_pose_average,142,balanced
143,S4_FALL_01,4,1,0.5712909698486328,0,0.775,A0_pose_average,142,balanced
144,S4_FALL_02,4,1,0.16755415499210358,0,0.775,A0_pose_average,142,balanced
145,S4_FALL_03,4,1,0.11936813592910767,0,0.775,A0_pose_average,142,balanced
152,S4_FALL_10,4,1,0.29865390062332153,0,0.775,A0_pose_average,142,balanced
154,S4_FALL_12,4,1,0.15635119378566742,0,0.775,A0_pose_average,142,balanced
155,S4_FALL_13,4,1,0.5732592344284058,0,0.775,A0_pose_average,142,balanced
156,S4_FALL_14,4,1,0.47471997141838074,0,0.775,A0_pose_average,142,balanced
158,S4_FALL_16,4,1,0.7170541882514954,0,0.775,A0_pose_average,142,balanced
126,S4_ADL_04,4,0,0.3376930058002472,1,0.22499999999999998,A0_pose_average,142,sensitivity
127,S4_ADL_05,4,0,0.9964696168899536,1,0.22499999999999998,A0_pose_average,142,sensitivity
128,S4_ADL_06,4,0,0.9774558544158936,1,0.22499999999999998,A0_pose_average,142,sensitivity
129,S4_ADL_07,4,0,0.8921685814857483,1,0.22499999999999998,A0_pose_average,142,sensitivity
132,S4_ADL_10,4,0,0.9817314743995667,1,0.22499999999999998,A0_pose_average,142,sensitivity
138,S4_ADL_16,4,0,0.37247440218925476,1,0.22499999999999998,A0_pose_average,142,sensitivity
144,S4_FALL_02,4,1,0.16755415499210358,0,0.22499999999999998,A0_pose_average,142,sensitivity
145,S4_FALL_03,4,1,0.11936813592910767,0,0.22499999999999998,A0_pose_average,142,sensitivity
154,S4_FALL_12,4,1,0.15635119378566742,0,0.22499999999999998,A0_pose_average,142,sensitivity
0,S1_ADL_01,1,0,0.7337459921836853,1,0.5,A0_pose_average,242,fixed
1,S1_ADL_02,1,0,0.8674471974372864,1,0.5,A0_pose_average,242,fixed
2,S1_ADL_03,1,0,0.9495446681976318,1,0.5,A0_pose_average,242,fixed
26,S1_FALL_11,1,1,0.45638802647590637,0,0.5,A0_pose_average,242,fixed
28,S1_FALL_13,1,1,0.0019139132928103209,0,0.5,A0_pose_average,242,fixed
0,S1_ADL_01,1,0,0.7337459921836853,1,0.22499999999999998,A0_pose_average,242,balanced
1,S1_ADL_02,1,0,0.8674471974372864,1,0.22499999999999998,A0_pose_average,242,balanced
2,S1_ADL_03,1,0,0.9495446681976318,1,0.22499999999999998,A0_pose_average,242,balanced
28,S1_FALL_13,1,1,0.0019139132928103209,0,0.22499999999999998,A0_pose_average,242,balanced
0,S1_ADL_01,1,0,0.7337459921836853,1,0.39999999999999997,A0_pose_average,242,sensitivity
1,S1_ADL_02,1,0,0.8674471974372864,1,0.39999999999999997,A0_pose_average,242,sensitivity
2,S1_ADL_03,1,0,0.9495446681976318,1,0.39999999999999997,A0_pose_average,242,sensitivity
28,S1_FALL_13,1,1,0.0019139132928103209,0,0.39999999999999997,A0_pose_average,242,sensitivity
32,S2_ADL_01,2,0,0.8862428665161133,1,0.5,A0_pose_average,242,fixed
34,S2_ADL_03,2,0,0.6888803839683533,1,0.5,A0_pose_average,242,fixed
43,S2_ADL_12,2,0,0.6188642978668213,1,0.5,A0_pose_average,242,fixed
47,S2_ADL_16,2,0,0.9871468544006348,1,0.5,A0_pose_average,242,fixed
60,S2_FALL_06,2,1,0.48082953691482544,0,0.5,A0_pose_average,242,fixed
69,S2_FALL_15,2,1,0.46996480226516724,0,0.5,A0_pose_average,242,fixed
72,S2_FALL_18,2,1,0.018840594217181206,0,0.5,A0_pose_average,242,fixed
73,S2_FALL_19,2,1,0.28686627745628357,0,0.5,A0_pose_average,242,fixed
74,S2_FALL_20,2,1,0.354701966047287,0,0.5,A0_pose_average,242,fixed
75,S2_FALL_21,2,1,0.35501617193222046,0,0.5,A0_pose_average,242,fixed
32,S2_ADL_01,2,0,0.8862428665161133,1,0.32499999999999996,A0_pose_average,242,balanced
34,S2_ADL_03,2,0,0.6888803839683533,1,0.32499999999999996,A0_pose_average,242,balanced
43,S2_ADL_12,2,0,0.6188642978668213,1,0.32499999999999996,A0_pose_average,242,balanced
47,S2_ADL_16,2,0,0.9871468544006348,1,0.32499999999999996,A0_pose_average,242,balanced
53,S2_ADL_22,2,0,0.47797635197639465,1,0.32499999999999996,A0_pose_average,242,balanced
72,S2_FALL_18,2,1,0.018840594217181206,0,0.32499999999999996,A0_pose_average,242,balanced
73,S2_FALL_19,2,1,0.28686627745628357,0,0.32499999999999996,A0_pose_average,242,balanced
32,S2_ADL_01,2,0,0.8862428665161133,1,0.3,A0_pose_average,242,sensitivity
34,S2_ADL_03,2,0,0.6888803839683533,1,0.3,A0_pose_average,242,sensitivity
43,S2_ADL_12,2,0,0.6188642978668213,1,0.3,A0_pose_average,242,sensitivity
45,S2_ADL_14,2,0,0.30910080671310425,1,0.3,A0_pose_average,242,sensitivity
47,S2_ADL_16,2,0,0.9871468544006348,1,0.3,A0_pose_average,242,sensitivity
53,S2_ADL_22,2,0,0.47797635197639465,1,0.3,A0_pose_average,242,sensitivity
72,S2_FALL_18,2,1,0.018840594217181206,0,0.3,A0_pose_average,242,sensitivity
73,S2_FALL_19,2,1,0.28686627745628357,0,0.3,A0_pose_average,242,sensitivity
84,S3_ADL_05,3,0,0.6113108396530151,1,0.5,A0_pose_average,242,fixed
87,S3_ADL_08,3,0,0.9213106632232666,1,0.5,A0_pose_average,242,fixed
111,S3_FALL_10,3,1,0.4884054958820343,0,0.5,A0_pose_average,242,fixed
84,S3_ADL_05,3,0,0.6113108396530151,1,0.42499999999999993,A0_pose_average,242,balanced
87,S3_ADL_08,3,0,0.9213106632232666,1,0.42499999999999993,A0_pose_average,242,balanced
84,S3_ADL_05,3,0,0.6113108396530151,1,0.05,A0_pose_average,242,sensitivity
85,S3_ADL_06,3,0,0.15917305648326874,1,0.05,A0_pose_average,242,sensitivity
87,S3_ADL_08,3,0,0.9213106632232666,1,0.05,A0_pose_average,242,sensitivity
92,S3_ADL_13,3,0,0.05792124569416046,1,0.05,A0_pose_average,242,sensitivity
127,S4_ADL_05,4,0,0.9999716281890869,1,0.5,A0_pose_average,242,fixed
128,S4_ADL_06,4,0,0.9707064032554626,1,0.5,A0_pose_average,242,fixed
129,S4_ADL_07,4,0,0.9853866100311279,1,0.5,A0_pose_average,242,fixed
132,S4_ADL_10,4,0,0.9488293528556824,1,0.5,A0_pose_average,242,fixed
138,S4_ADL_16,4,0,0.5550540685653687,1,0.5,A0_pose_average,242,fixed
144,S4_FALL_02,4,1,0.4772869050502777,0,0.5,A0_pose_average,242,fixed
145,S4_FALL_03,4,1,0.06631641834974289,0,0.5,A0_pose_average,242,fixed
152,S4_FALL_10,4,1,0.366726815700531,0,0.5,A0_pose_average,242,fixed
154,S4_FALL_12,4,1,0.3204706907272339,0,0.5,A0_pose_average,242,fixed
156,S4_FALL_14,4,1,0.48486486077308655,0,0.5,A0_pose_average,242,fixed
127,S4_ADL_05,4,0,0.9999716281890869,1,0.675,A0_pose_average,242,balanced
128,S4_ADL_06,4,0,0.9707064032554626,1,0.675,A0_pose_average,242,balanced
129,S4_ADL_07,4,0,0.9853866100311279,1,0.675,A0_pose_average,242,balanced
132,S4_ADL_10,4,0,0.9488293528556824,1,0.675,A0_pose_average,242,balanced
144,S4_FALL_02,4,1,0.4772869050502777,0,0.675,A0_pose_average,242,balanced
145,S4_FALL_03,4,1,0.06631641834974289,0,0.675,A0_pose_average,242,balanced
148,S4_FALL_06,4,1,0.6271007061004639,0,0.675,A0_pose_average,242,balanced
152,S4_FALL_10,4,1,0.366726815700531,0,0.675,A0_pose_average,242,balanced
154,S4_FALL_12,4,1,0.3204706907272339,0,0.675,A0_pose_average,242,balanced
156,S4_FALL_14,4,1,0.48486486077308655,0,0.675,A0_pose_average,242,balanced
127,S4_ADL_05,4,0,0.9999716281890869,1,0.27499999999999997,A0_pose_average,242,sensitivity
128,S4_ADL_06,4,0,0.9707064032554626,1,0.27499999999999997,A0_pose_average,242,sensitivity
129,S4_ADL_07,4,0,0.9853866100311279,1,0.27499999999999997,A0_pose_average,242,sensitivity
132,S4_ADL_10,4,0,0.9488293528556824,1,0.27499999999999997,A0_pose_average,242,sensitivity
137,S4_ADL_15,4,0,0.3415105938911438,1,0.27499999999999997,A0_pose_average,242,sensitivity
138,S4_ADL_16,4,0,0.5550540685653687,1,0.27499999999999997,A0_pose_average,242,sensitivity
145,S4_FALL_03,4,1,0.06631641834974289,0,0.27499999999999997,A0_pose_average,242,sensitivity
0,S1_ADL_01,1,0,0.62770676612854,1,0.5,A0_pose_average,42,fixed
1,S1_ADL_02,1,0,0.9977491497993469,1,0.5,A0_pose_average,42,fixed
2,S1_ADL_03,1,0,0.9961395859718323,1,0.5,A0_pose_average,42,fixed
28,S1_FALL_13,1,1,0.0010299466084688902,0,0.5,A0_pose_average,42,fixed
0,S1_ADL_01,1,0,0.62770676612854,1,0.575,A0_pose_average,42,balanced
1,S1_ADL_02,1,0,0.9977491497993469,1,0.575,A0_pose_average,42,balanced
2,S1_ADL_03,1,0,0.9961395859718323,1,0.575,A0_pose_average,42,balanced
28,S1_FALL_13,1,1,0.0010299466084688902,0,0.575,A0_pose_average,42,balanced
30,S1_FALL_15,1,1,0.5366569757461548,0,0.575,A0_pose_average,42,balanced
0,S1_ADL_01,1,0,0.62770676612854,1,0.39999999999999997,A0_pose_average,42,sensitivity
1,S1_ADL_02,1,0,0.9977491497993469,1,0.39999999999999997,A0_pose_average,42,sensitivity
2,S1_ADL_03,1,0,0.9961395859718323,1,0.39999999999999997,A0_pose_average,42,sensitivity
28,S1_FALL_13,1,1,0.0010299466084688902,0,0.39999999999999997,A0_pose_average,42,sensitivity
32,S2_ADL_01,2,0,0.9395889639854431,1,0.5,A0_pose_average,42,fixed
47,S2_ADL_16,2,0,0.9311258792877197,1,0.5,A0_pose_average,42,fixed
57,S2_FALL_03,2,1,0.3923433721065521,0,0.5,A0_pose_average,42,fixed
59,S2_FALL_05,2,1,0.3924780488014221,0,0.5,A0_pose_average,42,fixed
32,S2_ADL_01,2,0,0.9395889639854431,1,0.175,A0_pose_average,42,balanced
33,S2_ADL_02,2,0,0.20822331309318542,1,0.175,A0_pose_average,42,balanced
34,S2_ADL_03,2,0,0.4671814441680908,1,0.175,A0_pose_average,42,balanced
35,S2_ADL_04,2,0,0.4164525866508484,1,0.175,A0_pose_average,42,balanced
39,S2_ADL_08,2,0,0.3252188265323639,1,0.175,A0_pose_average,42,balanced
43,S2_ADL_12,2,0,0.44300326704978943,1,0.175,A0_pose_average,42,balanced
45,S2_ADL_14,2,0,0.3845742642879486,1,0.175,A0_pose_average,42,balanced
47,S2_ADL_16,2,0,0.9311258792877197,1,0.175,A0_pose_average,42,balanced
53,S2_ADL_22,2,0,0.20022284984588623,1,0.175,A0_pose_average,42,balanced
32,S2_ADL_01,2,0,0.9395889639854431,1,0.2,A0_pose_average,42,sensitivity
33,S2_ADL_02,2,0,0.20822331309318542,1,0.2,A0_pose_average,42,sensitivity
34,S2_ADL_03,2,0,0.4671814441680908,1,0.2,A0_pose_average,42,sensitivity
35,S2_ADL_04,2,0,0.4164525866508484,1,0.2,A0_pose_average,42,sensitivity
39,S2_ADL_08,2,0,0.3252188265323639,1,0.2,A0_pose_average,42,sensitivity
43,S2_ADL_12,2,0,0.44300326704978943,1,0.2,A0_pose_average,42,sensitivity
45,S2_ADL_14,2,0,0.3845742642879486,1,0.2,A0_pose_average,42,sensitivity
47,S2_ADL_16,2,0,0.9311258792877197,1,0.2,A0_pose_average,42,sensitivity
53,S2_ADL_22,2,0,0.20022284984588623,1,0.2,A0_pose_average,42,sensitivity
84,S3_ADL_05,3,0,0.638848066329956,1,0.5,A0_pose_average,42,fixed
87,S3_ADL_08,3,0,0.9699497818946838,1,0.5,A0_pose_average,42,fixed
84,S3_ADL_05,3,0,0.638848066329956,1,0.27499999999999997,A0_pose_average,42,balanced
87,S3_ADL_08,3,0,0.9699497818946838,1,0.27499999999999997,A0_pose_average,42,balanced
84,S3_ADL_05,3,0,0.638848066329956,1,0.27499999999999997,A0_pose_average,42,sensitivity
87,S3_ADL_08,3,0,0.9699497818946838,1,0.27499999999999997,A0_pose_average,42,sensitivity
127,S4_ADL_05,4,0,0.9991698265075684,1,0.5,A0_pose_average,42,fixed
128,S4_ADL_06,4,0,0.899444580078125,1,0.5,A0_pose_average,42,fixed
129,S4_ADL_07,4,0,0.9289742708206177,1,0.5,A0_pose_average,42,fixed
132,S4_ADL_10,4,0,0.9819539785385132,1,0.5,A0_pose_average,42,fixed
137,S4_ADL_15,4,0,0.7878485321998596,1,0.5,A0_pose_average,42,fixed
138,S4_ADL_16,4,0,0.8911340236663818,1,0.5,A0_pose_average,42,fixed
127,S4_ADL_05,4,0,0.9991698265075684,1,0.49999999999999994,A0_pose_average,42,balanced
128,S4_ADL_06,4,0,0.899444580078125,1,0.49999999999999994,A0_pose_average,42,balanced
129,S4_ADL_07,4,0,0.9289742708206177,1,0.49999999999999994,A0_pose_average,42,balanced
132,S4_ADL_10,4,0,0.9819539785385132,1,0.49999999999999994,A0_pose_average,42,balanced
137,S4_ADL_15,4,0,0.7878485321998596,1,0.49999999999999994,A0_pose_average,42,balanced
138,S4_ADL_16,4,0,0.8911340236663818,1,0.49999999999999994,A0_pose_average,42,balanced
127,S4_ADL_05,4,0,0.9991698265075684,1,0.32499999999999996,A0_pose_average,42,sensitivity
128,S4_ADL_06,4,0,0.899444580078125,1,0.32499999999999996,A0_pose_average,42,sensitivity
129,S4_ADL_07,4,0,0.9289742708206177,1,0.32499999999999996,A0_pose_average,42,sensitivity
132,S4_ADL_10,4,0,0.9819539785385132,1,0.32499999999999996,A0_pose_average,42,sensitivity
137,S4_ADL_15,4,0,0.7878485321998596,1,0.32499999999999996,A0_pose_average,42,sensitivity
138,S4_ADL_16,4,0,0.8911340236663818,1,0.32499999999999996,A0_pose_average,42,sensitivity
0,S1_ADL_01,1,0,0.5363891124725342,1,0.5,A1_motion_average,142,fixed
1,S1_ADL_02,1,0,0.8560184836387634,1,0.5,A1_motion_average,142,fixed
2,S1_ADL_03,1,0,0.8649863004684448,1,0.5,A1_motion_average,142,fixed
0,S1_ADL_01,1,0,0.5363891124725342,1,0.35,A1_motion_average,142,balanced
1,S1_ADL_02,1,0,0.8560184836387634,1,0.35,A1_motion_average,142,balanced
2,S1_ADL_03,1,0,0.8649863004684448,1,0.35,A1_motion_average,142,balanced
0,S1_ADL_01,1,0,0.5363891124725342,1,0.25,A1_motion_average,142,sensitivity
1,S1_ADL_02,1,0,0.8560184836387634,1,0.25,A1_motion_average,142,sensitivity
2,S1_ADL_03,1,0,0.8649863004684448,1,0.25,A1_motion_average,142,sensitivity
32,S2_ADL_01,2,0,0.6975505948066711,1,0.5,A1_motion_average,142,fixed
36,S2_ADL_05,2,0,0.6589518189430237,1,0.5,A1_motion_average,142,fixed
41,S2_ADL_10,2,0,0.5929868817329407,1,0.5,A1_motion_average,142,fixed
53,S2_ADL_22,2,0,0.6838754415512085,1,0.5,A1_motion_average,142,fixed
32,S2_ADL_01,2,0,0.6975505948066711,1,0.39999999999999997,A1_motion_average,142,balanced
36,S2_ADL_05,2,0,0.6589518189430237,1,0.39999999999999997,A1_motion_average,142,balanced
41,S2_ADL_10,2,0,0.5929868817329407,1,0.39999999999999997,A1_motion_average,142,balanced
43,S2_ADL_12,2,0,0.4184096157550812,1,0.39999999999999997,A1_motion_average,142,balanced
47,S2_ADL_16,2,0,0.47318437695503235,1,0.39999999999999997,A1_motion_average,142,balanced
53,S2_ADL_22,2,0,0.6838754415512085,1,0.39999999999999997,A1_motion_average,142,balanced
32,S2_ADL_01,2,0,0.6975505948066711,1,0.32499999999999996,A1_motion_average,142,sensitivity
36,S2_ADL_05,2,0,0.6589518189430237,1,0.32499999999999996,A1_motion_average,142,sensitivity
37,S2_ADL_06,2,0,0.37407416105270386,1,0.32499999999999996,A1_motion_average,142,sensitivity
41,S2_ADL_10,2,0,0.5929868817329407,1,0.32499999999999996,A1_motion_average,142,sensitivity
43,S2_ADL_12,2,0,0.4184096157550812,1,0.32499999999999996,A1_motion_average,142,sensitivity
47,S2_ADL_16,2,0,0.47318437695503235,1,0.32499999999999996,A1_motion_average,142,sensitivity
53,S2_ADL_22,2,0,0.6838754415512085,1,0.32499999999999996,A1_motion_average,142,sensitivity
84,S3_ADL_05,3,0,0.6356766819953918,1,0.5,A1_motion_average,142,fixed
87,S3_ADL_08,3,0,0.9168620109558105,1,0.5,A1_motion_average,142,fixed
105,S3_FALL_04,3,1,0.26886099576950073,0,0.5,A1_motion_average,142,fixed
118,S3_FALL_17,3,1,0.18512938916683197,0,0.5,A1_motion_average,142,fixed
84,S3_ADL_05,3,0,0.6356766819953918,1,0.32499999999999996,A1_motion_average,142,balanced
87,S3_ADL_08,3,0,0.9168620109558105,1,0.32499999999999996,A1_motion_average,142,balanced
105,S3_FALL_04,3,1,0.26886099576950073,0,0.32499999999999996,A1_motion_average,142,balanced
118,S3_FALL_17,3,1,0.18512938916683197,0,0.32499999999999996,A1_motion_average,142,balanced
84,S3_ADL_05,3,0,0.6356766819953918,1,0.25,A1_motion_average,142,sensitivity
87,S3_ADL_08,3,0,0.9168620109558105,1,0.25,A1_motion_average,142,sensitivity
118,S3_FALL_17,3,1,0.18512938916683197,0,0.25,A1_motion_average,142,sensitivity
127,S4_ADL_05,4,0,0.9981016516685486,1,0.5,A1_motion_average,142,fixed
128,S4_ADL_06,4,0,0.9795984625816345,1,0.5,A1_motion_average,142,fixed
129,S4_ADL_07,4,0,0.6914104223251343,1,0.5,A1_motion_average,142,fixed
132,S4_ADL_10,4,0,0.7091132402420044,1,0.5,A1_motion_average,142,fixed
144,S4_FALL_02,4,1,0.11595670878887177,0,0.5,A1_motion_average,142,fixed
147,S4_FALL_05,4,1,0.05753334239125252,0,0.5,A1_motion_average,142,fixed
155,S4_FALL_13,4,1,0.045805077999830246,0,0.5,A1_motion_average,142,fixed
127,S4_ADL_05,4,0,0.9981016516685486,1,0.7,A1_motion_average,142,balanced
128,S4_ADL_06,4,0,0.9795984625816345,1,0.7,A1_motion_average,142,balanced
132,S4_ADL_10,4,0,0.7091132402420044,1,0.7,A1_motion_average,142,balanced
144,S4_FALL_02,4,1,0.11595670878887177,0,0.7,A1_motion_average,142,balanced
147,S4_FALL_05,4,1,0.05753334239125252,0,0.7,A1_motion_average,142,balanced
155,S4_FALL_13,4,1,0.045805077999830246,0,0.7,A1_motion_average,142,balanced
159,S4_FALL_17,4,1,0.5092629194259644,0,0.7,A1_motion_average,142,balanced
127,S4_ADL_05,4,0,0.9981016516685486,1,0.525,A1_motion_average,142,sensitivity
128,S4_ADL_06,4,0,0.9795984625816345,1,0.525,A1_motion_average,142,sensitivity
129,S4_ADL_07,4,0,0.6914104223251343,1,0.525,A1_motion_average,142,sensitivity
132,S4_ADL_10,4,0,0.7091132402420044,1,0.525,A1_motion_average,142,sensitivity
144,S4_FALL_02,4,1,0.11595670878887177,0,0.525,A1_motion_average,142,sensitivity
147,S4_FALL_05,4,1,0.05753334239125252,0,0.525,A1_motion_average,142,sensitivity
155,S4_FALL_13,4,1,0.045805077999830246,0,0.525,A1_motion_average,142,sensitivity
159,S4_FALL_17,4,1,0.5092629194259644,0,0.525,A1_motion_average,142,sensitivity
0,S1_ADL_01,1,0,0.536666214466095,1,0.5,A1_motion_average,242,fixed
1,S1_ADL_02,1,0,0.5044318437576294,1,0.5,A1_motion_average,242,fixed
2,S1_ADL_03,1,0,0.6415594816207886,1,0.5,A1_motion_average,242,fixed
28,S1_FALL_13,1,1,0.4981967806816101,0,0.5,A1_motion_average,242,fixed
28,S1_FALL_13,1,1,0.4981967806816101,0,0.7,A1_motion_average,242,balanced
2,S1_ADL_03,1,0,0.6415594816207886,1,0.5499999999999999,A1_motion_average,242,sensitivity
28,S1_FALL_13,1,1,0.4981967806816101,0,0.5499999999999999,A1_motion_average,242,sensitivity
43,S2_ADL_12,2,0,0.5398673415184021,1,0.5,A1_motion_average,242,fixed
57,S2_FALL_03,2,1,0.46530142426490784,0,0.5,A1_motion_average,242,fixed
69,S2_FALL_15,2,1,0.16082395613193512,0,0.5,A1_motion_average,242,fixed
72,S2_FALL_18,2,1,0.043899066746234894,0,0.5,A1_motion_average,242,fixed
43,S2_ADL_12,2,0,0.5398673415184021,1,0.35,A1_motion_average,242,balanced
50,S2_ADL_19,2,0,0.49498820304870605,1,0.35,A1_motion_average,242,balanced
69,S2_FALL_15,2,1,0.16082395613193512,0,0.35,A1_motion_average,242,balanced
72,S2_FALL_18,2,1,0.043899066746234894,0,0.35,A1_motion_average,242,balanced
43,S2_ADL_12,2,0,0.5398673415184021,1,0.35,A1_motion_average,242,sensitivity
50,S2_ADL_19,2,0,0.49498820304870605,1,0.35,A1_motion_average,242,sensitivity
69,S2_FALL_15,2,1,0.16082395613193512,0,0.35,A1_motion_average,242,sensitivity
72,S2_FALL_18,2,1,0.043899066746234894,0,0.35,A1_motion_average,242,sensitivity
85,S3_ADL_06,3,0,0.9974918365478516,1,0.5,A1_motion_average,242,fixed
86,S3_ADL_07,3,0,0.6336768865585327,1,0.5,A1_motion_average,242,fixed
87,S3_ADL_08,3,0,0.8014326095581055,1,0.5,A1_motion_average,242,fixed
118,S3_FALL_17,3,1,0.29721754789352417,0,0.5,A1_motion_average,242,fixed
85,S3_ADL_06,3,0,0.9974918365478516,1,0.44999999999999996,A1_motion_average,242,balanced
86,S3_ADL_07,3,0,0.6336768865585327,1,0.44999999999999996,A1_motion_average,242,balanced
87,S3_ADL_08,3,0,0.8014326095581055,1,0.44999999999999996,A1_motion_average,242,balanced
118,S3_FALL_17,3,1,0.29721754789352417,0,0.44999999999999996,A1_motion_average,242,balanced
85,S3_ADL_06,3,0,0.9974918365478516,1,0.2,A1_motion_average,242,sensitivity
86,S3_ADL_07,3,0,0.6336768865585327,1,0.2,A1_motion_average,242,sensitivity
87,S3_ADL_08,3,0,0.8014326095581055,1,0.2,A1_motion_average,242,sensitivity
127,S4_ADL_05,4,0,0.9999779462814331,1,0.5,A1_motion_average,242,fixed
128,S4_ADL_06,4,0,0.9992184638977051,1,0.5,A1_motion_average,242,fixed
129,S4_ADL_07,4,0,0.7860420942306519,1,0.5,A1_motion_average,242,fixed
141,S4_ADL_19,4,0,0.5386285781860352,1,0.5,A1_motion_average,242,fixed
147,S4_FALL_05,4,1,0.3144809603691101,0,0.5,A1_motion_average,242,fixed
155,S4_FALL_13,4,1,0.4471953213214874,0,0.5,A1_motion_average,242,fixed
127,S4_ADL_05,4,0,0.9999779462814331,1,0.39999999999999997,A1_motion_average,242,balanced
128,S4_ADL_06,4,0,0.9992184638977051,1,0.39999999999999997,A1_motion_average,242,balanced
129,S4_ADL_07,4,0,0.7860420942306519,1,0.39999999999999997,A1_motion_average,242,balanced
132,S4_ADL_10,4,0,0.40828317403793335,1,0.39999999999999997,A1_motion_average,242,balanced
138,S4_ADL_16,4,0,0.4589216709136963,1,0.39999999999999997,A1_motion_average,242,balanced
141,S4_ADL_19,4,0,0.5386285781860352,1,0.39999999999999997,A1_motion_average,242,balanced
147,S4_FALL_05,4,1,0.3144809603691101,0,0.39999999999999997,A1_motion_average,242,balanced
127,S4_ADL_05,4,0,0.9999779462814331,1,0.39999999999999997,A1_motion_average,242,sensitivity
128,S4_ADL_06,4,0,0.9992184638977051,1,0.39999999999999997,A1_motion_average,242,sensitivity
129,S4_ADL_07,4,0,0.7860420942306519,1,0.39999999999999997,A1_motion_average,242,sensitivity
132,S4_ADL_10,4,0,0.40828317403793335,1,0.39999999999999997,A1_motion_average,242,sensitivity
138,S4_ADL_16,4,0,0.4589216709136963,1,0.39999999999999997,A1_motion_average,242,sensitivity
141,S4_ADL_19,4,0,0.5386285781860352,1,0.39999999999999997,A1_motion_average,242,sensitivity
147,S4_FALL_05,4,1,0.3144809603691101,0,0.39999999999999997,A1_motion_average,242,sensitivity
28,S1_FALL_13,1,1,0.4659031331539154,0,0.5,A1_motion_average,42,fixed
0,S1_ADL_01,1,0,0.4233218729496002,1,0.22499999999999998,A1_motion_average,42,balanced
1,S1_ADL_02,1,0,0.275118887424469,1,0.22499999999999998,A1_motion_average,42,balanced
2,S1_ADL_03,1,0,0.36513426899909973,1,0.22499999999999998,A1_motion_average,42,balanced
0,S1_ADL_01,1,0,0.4233218729496002,1,0.22499999999999998,A1_motion_average,42,sensitivity
1,S1_ADL_02,1,0,0.275118887424469,1,0.22499999999999998,A1_motion_average,42,sensitivity
2,S1_ADL_03,1,0,0.36513426899909973,1,0.22499999999999998,A1_motion_average,42,sensitivity
43,S2_ADL_12,2,0,0.6543229222297668,1,0.5,A1_motion_average,42,fixed
57,S2_FALL_03,2,1,0.24060575664043427,0,0.5,A1_motion_average,42,fixed
67,S2_FALL_13,2,1,0.4425899386405945,0,0.5,A1_motion_average,42,fixed
43,S2_ADL_12,2,0,0.6543229222297668,1,0.475,A1_motion_average,42,balanced
57,S2_FALL_03,2,1,0.24060575664043427,0,0.475,A1_motion_average,42,balanced
67,S2_FALL_13,2,1,0.4425899386405945,0,0.475,A1_motion_average,42,balanced
43,S2_ADL_12,2,0,0.6543229222297668,1,0.25,A1_motion_average,42,sensitivity
50,S2_ADL_19,2,0,0.3149455189704895,1,0.25,A1_motion_average,42,sensitivity
57,S2_FALL_03,2,1,0.24060575664043427,0,0.25,A1_motion_average,42,sensitivity
85,S3_ADL_06,3,0,0.6474719047546387,1,0.5,A1_motion_average,42,fixed
86,S3_ADL_07,3,0,0.5492145419120789,1,0.5,A1_motion_average,42,fixed
105,S3_FALL_04,3,1,0.3467787802219391,0,0.5,A1_motion_average,42,fixed
107,S3_FALL_06,3,1,0.08411416411399841,0,0.5,A1_motion_average,42,fixed
118,S3_FALL_17,3,1,0.31746605038642883,0,0.5,A1_motion_average,42,fixed
85,S3_ADL_06,3,0,0.6474719047546387,1,0.37499999999999994,A1_motion_average,42,balanced
86,S3_ADL_07,3,0,0.5492145419120789,1,0.37499999999999994,A1_motion_average,42,balanced
105,S3_FALL_04,3,1,0.3467787802219391,0,0.37499999999999994,A1_motion_average,42,balanced
107,S3_FALL_06,3,1,0.08411416411399841,0,0.37499999999999994,A1_motion_average,42,balanced
118,S3_FALL_17,3,1,0.31746605038642883,0,0.37499999999999994,A1_motion_average,42,balanced
85,S3_ADL_06,3,0,0.6474719047546387,1,0.27499999999999997,A1_motion_average,42,sensitivity
86,S3_ADL_07,3,0,0.5492145419120789,1,0.27499999999999997,A1_motion_average,42,sensitivity
87,S3_ADL_08,3,0,0.2769657075405121,1,0.27499999999999997,A1_motion_average,42,sensitivity
107,S3_FALL_06,3,1,0.08411416411399841,0,0.27499999999999997,A1_motion_average,42,sensitivity
127,S4_ADL_05,4,0,0.9999974966049194,1,0.5,A1_motion_average,42,fixed
128,S4_ADL_06,4,0,0.917333722114563,1,0.5,A1_motion_average,42,fixed
129,S4_ADL_07,4,0,0.9851716756820679,1,0.5,A1_motion_average,42,fixed
147,S4_FALL_05,4,1,0.11915659159421921,0,0.5,A1_motion_average,42,fixed
155,S4_FALL_13,4,1,0.20250378549098969,0,0.5,A1_motion_average,42,fixed
159,S4_FALL_17,4,1,0.49436962604522705,0,0.5,A1_motion_average,42,fixed
127,S4_ADL_05,4,0,0.9999974966049194,1,0.65,A1_motion_average,42,balanced
128,S4_ADL_06,4,0,0.917333722114563,1,0.65,A1_motion_average,42,balanced
129,S4_ADL_07,4,0,0.9851716756820679,1,0.65,A1_motion_average,42,balanced
147,S4_FALL_05,4,1,0.11915659159421921,0,0.65,A1_motion_average,42,balanced
155,S4_FALL_13,4,1,0.20250378549098969,0,0.65,A1_motion_average,42,balanced
159,S4_FALL_17,4,1,0.49436962604522705,0,0.65,A1_motion_average,42,balanced
127,S4_ADL_05,4,0,0.9999974966049194,1,0.65,A1_motion_average,42,sensitivity
128,S4_ADL_06,4,0,0.917333722114563,1,0.65,A1_motion_average,42,sensitivity
129,S4_ADL_07,4,0,0.9851716756820679,1,0.65,A1_motion_average,42,sensitivity
147,S4_FALL_05,4,1,0.11915659159421921,0,0.65,A1_motion_average,42,sensitivity
155,S4_FALL_13,4,1,0.20250378549098969,0,0.65,A1_motion_average,42,sensitivity
159,S4_FALL_17,4,1,0.49436962604522705,0,0.65,A1_motion_average,42,sensitivity
0,S1_ADL_01,1,0,0.9721134305000305,1,0.5,A2_pose_attention,142,fixed
1,S1_ADL_02,1,0,0.9317472577095032,1,0.5,A2_pose_attention,142,fixed
2,S1_ADL_03,1,0,0.974841296672821,1,0.5,A2_pose_attention,142,fixed
28,S1_FALL_13,1,1,0.015330060385167599,0,0.5,A2_pose_attention,142,fixed
0,S1_ADL_01,1,0,0.9721134305000305,1,0.125,A2_pose_attention,142,balanced
1,S1_ADL_02,1,0,0.9317472577095032,1,0.125,A2_pose_attention,142,balanced
2,S1_ADL_03,1,0,0.974841296672821,1,0.125,A2_pose_attention,142,balanced
28,S1_FALL_13,1,1,0.015330060385167599,0,0.125,A2_pose_attention,142,balanced
0,S1_ADL_01,1,0,0.9721134305000305,1,0.25,A2_pose_attention,142,sensitivity
1,S1_ADL_02,1,0,0.9317472577095032,1,0.25,A2_pose_attention,142,sensitivity
2,S1_ADL_03,1,0,0.974841296672821,1,0.25,A2_pose_attention,142,sensitivity
28,S1_FALL_13,1,1,0.015330060385167599,0,0.25,A2_pose_attention,142,sensitivity
32,S2_ADL_01,2,0,0.9941961765289307,1,0.5,A2_pose_attention,142,fixed
34,S2_ADL_03,2,0,0.7193002700805664,1,0.5,A2_pose_attention,142,fixed
43,S2_ADL_12,2,0,0.5877259373664856,1,0.5,A2_pose_attention,142,fixed
47,S2_ADL_16,2,0,0.8805864453315735,1,0.5,A2_pose_attention,142,fixed
57,S2_FALL_03,2,1,0.30899420380592346,0,0.5,A2_pose_attention,142,fixed
59,S2_FALL_05,2,1,0.3026314675807953,0,0.5,A2_pose_attention,142,fixed
72,S2_FALL_18,2,1,0.02709231898188591,0,0.5,A2_pose_attention,142,fixed
73,S2_FALL_19,2,1,0.3422708511352539,0,0.5,A2_pose_attention,142,fixed
32,S2_ADL_01,2,0,0.9941961765289307,1,0.49999999999999994,A2_pose_attention,142,balanced
34,S2_ADL_03,2,0,0.7193002700805664,1,0.49999999999999994,A2_pose_attention,142,balanced
43,S2_ADL_12,2,0,0.5877259373664856,1,0.49999999999999994,A2_pose_attention,142,balanced
47,S2_ADL_16,2,0,0.8805864453315735,1,0.49999999999999994,A2_pose_attention,142,balanced
57,S2_FALL_03,2,1,0.30899420380592346,0,0.49999999999999994,A2_pose_attention,142,balanced
59,S2_FALL_05,2,1,0.3026314675807953,0,0.49999999999999994,A2_pose_attention,142,balanced
72,S2_FALL_18,2,1,0.02709231898188591,0,0.49999999999999994,A2_pose_attention,142,balanced
73,S2_FALL_19,2,1,0.3422708511352539,0,0.49999999999999994,A2_pose_attention,142,balanced
32,S2_ADL_01,2,0,0.9941961765289307,1,0.37499999999999994,A2_pose_attention,142,sensitivity
34,S2_ADL_03,2,0,0.7193002700805664,1,0.37499999999999994,A2_pose_attention,142,sensitivity
43,S2_ADL_12,2,0,0.5877259373664856,1,0.37499999999999994,A2_pose_attention,142,sensitivity
47,S2_ADL_16,2,0,0.8805864453315735,1,0.37499999999999994,A2_pose_attention,142,sensitivity
57,S2_FALL_03,2,1,0.30899420380592346,0,0.37499999999999994,A2_pose_attention,142,sensitivity
59,S2_FALL_05,2,1,0.3026314675807953,0,0.37499999999999994,A2_pose_attention,142,sensitivity
72,S2_FALL_18,2,1,0.02709231898188591,0,0.37499999999999994,A2_pose_attention,142,sensitivity
73,S2_FALL_19,2,1,0.3422708511352539,0,0.37499999999999994,A2_pose_attention,142,sensitivity
87,S3_ADL_08,3,0,0.854895830154419,1,0.5,A2_pose_attention,142,fixed
87,S3_ADL_08,3,0,0.854895830154419,1,0.44999999999999996,A2_pose_attention,142,balanced
87,S3_ADL_08,3,0,0.854895830154419,1,0.125,A2_pose_attention,142,sensitivity
127,S4_ADL_05,4,0,1.0,1,0.5,A2_pose_attention,142,fixed
128,S4_ADL_06,4,0,0.9998785257339478,1,0.5,A2_pose_attention,142,fixed
129,S4_ADL_07,4,0,0.9997573494911194,1,0.5,A2_pose_attention,142,fixed
132,S4_ADL_10,4,0,0.999667763710022,1,0.5,A2_pose_attention,142,fixed
137,S4_ADL_15,4,0,0.789648711681366,1,0.5,A2_pose_attention,142,fixed
138,S4_ADL_16,4,0,0.9609568119049072,1,0.5,A2_pose_attention,142,fixed
127,S4_ADL_05,4,0,1.0,1,0.6,A2_pose_attention,142,balanced
128,S4_ADL_06,4,0,0.9998785257339478,1,0.6,A2_pose_attention,142,balanced
129,S4_ADL_07,4,0,0.9997573494911194,1,0.6,A2_pose_attention,142,balanced
132,S4_ADL_10,4,0,0.999667763710022,1,0.6,A2_pose_attention,142,balanced
137,S4_ADL_15,4,0,0.789648711681366,1,0.6,A2_pose_attention,142,balanced
138,S4_ADL_16,4,0,0.9609568119049072,1,0.6,A2_pose_attention,142,balanced
127,S4_ADL_05,4,0,1.0,1,0.44999999999999996,A2_pose_attention,142,sensitivity
128,S4_ADL_06,4,0,0.9998785257339478,1,0.44999999999999996,A2_pose_attention,142,sensitivity
129,S4_ADL_07,4,0,0.9997573494911194,1,0.44999999999999996,A2_pose_attention,142,sensitivity
132,S4_ADL_10,4,0,0.999667763710022,1,0.44999999999999996,A2_pose_attention,142,sensitivity
137,S4_ADL_15,4,0,0.789648711681366,1,0.44999999999999996,A2_pose_attention,142,sensitivity
138,S4_ADL_16,4,0,0.9609568119049072,1,0.44999999999999996,A2_pose_attention,142,sensitivity
0,S1_ADL_01,1,0,0.8364551663398743,1,0.5,A2_pose_attention,242,fixed
1,S1_ADL_02,1,0,0.898894190788269,1,0.5,A2_pose_attention,242,fixed
2,S1_ADL_03,1,0,0.8832960724830627,1,0.5,A2_pose_attention,242,fixed
28,S1_FALL_13,1,1,0.009873713366687298,0,0.5,A2_pose_attention,242,fixed
0,S1_ADL_01,1,0,0.8364551663398743,1,0.44999999999999996,A2_pose_attention,242,balanced
1,S1_ADL_02,1,0,0.898894190788269,1,0.44999999999999996,A2_pose_attention,242,balanced
2,S1_ADL_03,1,0,0.8832960724830627,1,0.44999999999999996,A2_pose_attention,242,balanced
28,S1_FALL_13,1,1,0.009873713366687298,0,0.44999999999999996,A2_pose_attention,242,balanced
0,S1_ADL_01,1,0,0.8364551663398743,1,0.25,A2_pose_attention,242,sensitivity
1,S1_ADL_02,1,0,0.898894190788269,1,0.25,A2_pose_attention,242,sensitivity
2,S1_ADL_03,1,0,0.8832960724830627,1,0.25,A2_pose_attention,242,sensitivity
28,S1_FALL_13,1,1,0.009873713366687298,0,0.25,A2_pose_attention,242,sensitivity
32,S2_ADL_01,2,0,0.9990099668502808,1,0.5,A2_pose_attention,242,fixed
43,S2_ADL_12,2,0,0.7747698426246643,1,0.5,A2_pose_attention,242,fixed
47,S2_ADL_16,2,0,0.8166137933731079,1,0.5,A2_pose_attention,242,fixed
53,S2_ADL_22,2,0,0.7184699773788452,1,0.5,A2_pose_attention,242,fixed
60,S2_FALL_06,2,1,0.21336553990840912,0,0.5,A2_pose_attention,242,fixed
72,S2_FALL_18,2,1,0.006852257996797562,0,0.5,A2_pose_attention,242,fixed
73,S2_FALL_19,2,1,0.14591191709041595,0,0.5,A2_pose_attention,242,fixed
74,S2_FALL_20,2,1,0.44928160309791565,0,0.5,A2_pose_attention,242,fixed
32,S2_ADL_01,2,0,0.9990099668502808,1,0.475,A2_pose_attention,242,balanced
43,S2_ADL_12,2,0,0.7747698426246643,1,0.475,A2_pose_attention,242,balanced
47,S2_ADL_16,2,0,0.8166137933731079,1,0.475,A2_pose_attention,242,balanced
53,S2_ADL_22,2,0,0.7184699773788452,1,0.475,A2_pose_attention,242,balanced
60,S2_FALL_06,2,1,0.21336553990840912,0,0.475,A2_pose_attention,242,balanced
72,S2_FALL_18,2,1,0.006852257996797562,0,0.475,A2_pose_attention,242,balanced
73,S2_FALL_19,2,1,0.14591191709041595,0,0.475,A2_pose_attention,242,balanced
74,S2_FALL_20,2,1,0.44928160309791565,0,0.475,A2_pose_attention,242,balanced
32,S2_ADL_01,2,0,0.9990099668502808,1,0.32499999999999996,A2_pose_attention,242,sensitivity
43,S2_ADL_12,2,0,0.7747698426246643,1,0.32499999999999996,A2_pose_attention,242,sensitivity
45,S2_ADL_14,2,0,0.44769224524497986,1,0.32499999999999996,A2_pose_attention,242,sensitivity
47,S2_ADL_16,2,0,0.8166137933731079,1,0.32499999999999996,A2_pose_attention,242,sensitivity
53,S2_ADL_22,2,0,0.7184699773788452,1,0.32499999999999996,A2_pose_attention,242,sensitivity
60,S2_FALL_06,2,1,0.21336553990840912,0,0.32499999999999996,A2_pose_attention,242,sensitivity
72,S2_FALL_18,2,1,0.006852257996797562,0,0.32499999999999996,A2_pose_attention,242,sensitivity
73,S2_FALL_19,2,1,0.14591191709041595,0,0.32499999999999996,A2_pose_attention,242,sensitivity
84,S3_ADL_05,3,0,0.9967080354690552,1,0.5,A2_pose_attention,242,fixed
87,S3_ADL_08,3,0,0.9905363917350769,1,0.5,A2_pose_attention,242,fixed
107,S3_FALL_06,3,1,0.4756894111633301,0,0.5,A2_pose_attention,242,fixed
84,S3_ADL_05,3,0,0.9967080354690552,1,0.32499999999999996,A2_pose_attention,242,balanced
87,S3_ADL_08,3,0,0.9905363917350769,1,0.32499999999999996,A2_pose_attention,242,balanced
84,S3_ADL_05,3,0,0.9967080354690552,1,0.15,A2_pose_attention,242,sensitivity
87,S3_ADL_08,3,0,0.9905363917350769,1,0.15,A2_pose_attention,242,sensitivity
91,S3_ADL_12,3,0,0.17229986190795898,1,0.15,A2_pose_attention,242,sensitivity
127,S4_ADL_05,4,0,1.0,1,0.5,A2_pose_attention,242,fixed
128,S4_ADL_06,4,0,0.9998359680175781,1,0.5,A2_pose_attention,242,fixed
129,S4_ADL_07,4,0,0.9977966547012329,1,0.5,A2_pose_attention,242,fixed
132,S4_ADL_10,4,0,0.9887686967849731,1,0.5,A2_pose_attention,242,fixed
137,S4_ADL_15,4,0,0.9321956038475037,1,0.5,A2_pose_attention,242,fixed
138,S4_ADL_16,4,0,0.9936684966087341,1,0.5,A2_pose_attention,242,fixed
127,S4_ADL_05,4,0,1.0,1,0.42499999999999993,A2_pose_attention,242,balanced
128,S4_ADL_06,4,0,0.9998359680175781,1,0.42499999999999993,A2_pose_attention,242,balanced
129,S4_ADL_07,4,0,0.9977966547012329,1,0.42499999999999993,A2_pose_attention,242,balanced
132,S4_ADL_10,4,0,0.9887686967849731,1,0.42499999999999993,A2_pose_attention,242,balanced
137,S4_ADL_15,4,0,0.9321956038475037,1,0.42499999999999993,A2_pose_attention,242,balanced
138,S4_ADL_16,4,0,0.9936684966087341,1,0.42499999999999993,A2_pose_attention,242,balanced
127,S4_ADL_05,4,0,1.0,1,0.42499999999999993,A2_pose_attention,242,sensitivity
128,S4_ADL_06,4,0,0.9998359680175781,1,0.42499999999999993,A2_pose_attention,242,sensitivity
129,S4_ADL_07,4,0,0.9977966547012329,1,0.42499999999999993,A2_pose_attention,242,sensitivity
132,S4_ADL_10,4,0,0.9887686967849731,1,0.42499999999999993,A2_pose_attention,242,sensitivity
137,S4_ADL_15,4,0,0.9321956038475037,1,0.42499999999999993,A2_pose_attention,242,sensitivity
138,S4_ADL_16,4,0,0.9936684966087341,1,0.42499999999999993,A2_pose_attention,242,sensitivity
0,S1_ADL_01,1,0,0.8104745149612427,1,0.5,A2_pose_attention,42,fixed
1,S1_ADL_02,1,0,0.9113107323646545,1,0.5,A2_pose_attention,42,fixed
2,S1_ADL_03,1,0,0.8501508235931396,1,0.5,A2_pose_attention,42,fixed
28,S1_FALL_13,1,1,0.012350709177553654,0,0.5,A2_pose_attention,42,fixed
0,S1_ADL_01,1,0,0.8104745149612427,1,0.42499999999999993,A2_pose_attention,42,balanced
1,S1_ADL_02,1,0,0.9113107323646545,1,0.42499999999999993,A2_pose_attention,42,balanced
2,S1_ADL_03,1,0,0.8501508235931396,1,0.42499999999999993,A2_pose_attention,42,balanced
28,S1_FALL_13,1,1,0.012350709177553654,0,0.42499999999999993,A2_pose_attention,42,balanced
0,S1_ADL_01,1,0,0.8104745149612427,1,0.42499999999999993,A2_pose_attention,42,sensitivity
1,S1_ADL_02,1,0,0.9113107323646545,1,0.42499999999999993,A2_pose_attention,42,sensitivity
2,S1_ADL_03,1,0,0.8501508235931396,1,0.42499999999999993,A2_pose_attention,42,sensitivity
28,S1_FALL_13,1,1,0.012350709177553654,0,0.42499999999999993,A2_pose_attention,42,sensitivity
32,S2_ADL_01,2,0,0.9993791580200195,1,0.5,A2_pose_attention,42,fixed
34,S2_ADL_03,2,0,0.8229564428329468,1,0.5,A2_pose_attention,42,fixed
43,S2_ADL_12,2,0,0.8109118938446045,1,0.5,A2_pose_attention,42,fixed
47,S2_ADL_16,2,0,0.825018048286438,1,0.5,A2_pose_attention,42,fixed
72,S2_FALL_18,2,1,0.14210860431194305,0,0.5,A2_pose_attention,42,fixed
73,S2_FALL_19,2,1,0.21445821225643158,0,0.5,A2_pose_attention,42,fixed
32,S2_ADL_01,2,0,0.9993791580200195,1,0.27499999999999997,A2_pose_attention,42,balanced
34,S2_ADL_03,2,0,0.8229564428329468,1,0.27499999999999997,A2_pose_attention,42,balanced
43,S2_ADL_12,2,0,0.8109118938446045,1,0.27499999999999997,A2_pose_attention,42,balanced
47,S2_ADL_16,2,0,0.825018048286438,1,0.27499999999999997,A2_pose_attention,42,balanced
53,S2_ADL_22,2,0,0.3305802047252655,1,0.27499999999999997,A2_pose_attention,42,balanced
72,S2_FALL_18,2,1,0.14210860431194305,0,0.27499999999999997,A2_pose_attention,42,balanced
73,S2_FALL_19,2,1,0.21445821225643158,0,0.27499999999999997,A2_pose_attention,42,balanced
32,S2_ADL_01,2,0,0.9993791580200195,1,0.27499999999999997,A2_pose_attention,42,sensitivity
34,S2_ADL_03,2,0,0.8229564428329468,1,0.27499999999999997,A2_pose_attention,42,sensitivity
43,S2_ADL_12,2,0,0.8109118938446045,1,0.27499999999999997,A2_pose_attention,42,sensitivity
47,S2_ADL_16,2,0,0.825018048286438,1,0.27499999999999997,A2_pose_attention,42,sensitivity
53,S2_ADL_22,2,0,0.3305802047252655,1,0.27499999999999997,A2_pose_attention,42,sensitivity
72,S2_FALL_18,2,1,0.14210860431194305,0,0.27499999999999997,A2_pose_attention,42,sensitivity
73,S2_FALL_19,2,1,0.21445821225643158,0,0.27499999999999997,A2_pose_attention,42,sensitivity
87,S3_ADL_08,3,0,0.9889083504676819,1,0.5,A2_pose_attention,42,fixed
109,S3_FALL_08,3,1,0.3443067967891693,0,0.5,A2_pose_attention,42,fixed
111,S3_FALL_10,3,1,0.3262579143047333,0,0.5,A2_pose_attention,42,fixed
87,S3_ADL_08,3,0,0.9889083504676819,1,0.15,A2_pose_attention,42,balanced
87,S3_ADL_08,3,0,0.9889083504676819,1,0.15,A2_pose_attention,42,sensitivity
127,S4_ADL_05,4,0,0.9999850988388062,1,0.5,A2_pose_attention,42,fixed
128,S4_ADL_06,4,0,0.9825349450111389,1,0.5,A2_pose_attention,42,fixed
129,S4_ADL_07,4,0,0.9746776223182678,1,0.5,A2_pose_attention,42,fixed
132,S4_ADL_10,4,0,0.943632185459137,1,0.5,A2_pose_attention,42,fixed
137,S4_ADL_15,4,0,0.7248262763023376,1,0.5,A2_pose_attention,42,fixed
138,S4_ADL_16,4,0,0.9585608839988708,1,0.5,A2_pose_attention,42,fixed
127,S4_ADL_05,4,0,0.9999850988388062,1,0.44999999999999996,A2_pose_attention,42,balanced
128,S4_ADL_06,4,0,0.9825349450111389,1,0.44999999999999996,A2_pose_attention,42,balanced
129,S4_ADL_07,4,0,0.9746776223182678,1,0.44999999999999996,A2_pose_attention,42,balanced
132,S4_ADL_10,4,0,0.943632185459137,1,0.44999999999999996,A2_pose_attention,42,balanced
137,S4_ADL_15,4,0,0.7248262763023376,1,0.44999999999999996,A2_pose_attention,42,balanced
138,S4_ADL_16,4,0,0.9585608839988708,1,0.44999999999999996,A2_pose_attention,42,balanced
127,S4_ADL_05,4,0,0.9999850988388062,1,0.44999999999999996,A2_pose_attention,42,sensitivity
128,S4_ADL_06,4,0,0.9825349450111389,1,0.44999999999999996,A2_pose_attention,42,sensitivity
129,S4_ADL_07,4,0,0.9746776223182678,1,0.44999999999999996,A2_pose_attention,42,sensitivity
132,S4_ADL_10,4,0,0.943632185459137,1,0.44999999999999996,A2_pose_attention,42,sensitivity
137,S4_ADL_15,4,0,0.7248262763023376,1,0.44999999999999996,A2_pose_attention,42,sensitivity
138,S4_ADL_16,4,0,0.9585608839988708,1,0.44999999999999996,A2_pose_attention,42,sensitivity
0,S1_ADL_01,1,0,0.9042672514915466,1,0.5,A3_cost_225,142,fixed
1,S1_ADL_02,1,0,0.8956848382949829,1,0.5,A3_cost_225,142,fixed
2,S1_ADL_03,1,0,0.8692504167556763,1,0.5,A3_cost_225,142,fixed
0,S1_ADL_01,1,0,0.9042672514915466,1,0.39999999999999997,A3_cost_225,142,balanced
1,S1_ADL_02,1,0,0.8956848382949829,1,0.39999999999999997,A3_cost_225,142,balanced
2,S1_ADL_03,1,0,0.8692504167556763,1,0.39999999999999997,A3_cost_225,142,balanced
0,S1_ADL_01,1,0,0.9042672514915466,1,0.39999999999999997,A3_cost_225,142,sensitivity
1,S1_ADL_02,1,0,0.8956848382949829,1,0.39999999999999997,A3_cost_225,142,sensitivity
2,S1_ADL_03,1,0,0.8692504167556763,1,0.39999999999999997,A3_cost_225,142,sensitivity
35,S2_ADL_04,2,0,0.6475171446800232,1,0.5,A3_cost_225,142,fixed
43,S2_ADL_12,2,0,0.866561233997345,1,0.5,A3_cost_225,142,fixed
47,S2_ADL_16,2,0,0.5785008072853088,1,0.5,A3_cost_225,142,fixed
53,S2_ADL_22,2,0,0.7259481549263,1,0.5,A3_cost_225,142,fixed
35,S2_ADL_04,2,0,0.6475171446800232,1,0.37499999999999994,A3_cost_225,142,balanced
39,S2_ADL_08,2,0,0.46588531136512756,1,0.37499999999999994,A3_cost_225,142,balanced
43,S2_ADL_12,2,0,0.866561233997345,1,0.37499999999999994,A3_cost_225,142,balanced
47,S2_ADL_16,2,0,0.5785008072853088,1,0.37499999999999994,A3_cost_225,142,balanced
53,S2_ADL_22,2,0,0.7259481549263,1,0.37499999999999994,A3_cost_225,142,balanced
35,S2_ADL_04,2,0,0.6475171446800232,1,0.27499999999999997,A3_cost_225,142,sensitivity
39,S2_ADL_08,2,0,0.46588531136512756,1,0.27499999999999997,A3_cost_225,142,sensitivity
41,S2_ADL_10,2,0,0.3036057949066162,1,0.27499999999999997,A3_cost_225,142,sensitivity
43,S2_ADL_12,2,0,0.866561233997345,1,0.27499999999999997,A3_cost_225,142,sensitivity
47,S2_ADL_16,2,0,0.5785008072853088,1,0.27499999999999997,A3_cost_225,142,sensitivity
53,S2_ADL_22,2,0,0.7259481549263,1,0.27499999999999997,A3_cost_225,142,sensitivity
84,S3_ADL_05,3,0,0.8538095355033875,1,0.5,A3_cost_225,142,fixed
85,S3_ADL_06,3,0,0.6089617013931274,1,0.5,A3_cost_225,142,fixed
86,S3_ADL_07,3,0,0.6159912347793579,1,0.5,A3_cost_225,142,fixed
87,S3_ADL_08,3,0,0.9740611910820007,1,0.5,A3_cost_225,142,fixed
93,S3_ADL_14,3,0,0.5823038220405579,1,0.5,A3_cost_225,142,fixed
84,S3_ADL_05,3,0,0.8538095355033875,1,0.475,A3_cost_225,142,balanced
85,S3_ADL_06,3,0,0.6089617013931274,1,0.475,A3_cost_225,142,balanced
86,S3_ADL_07,3,0,0.6159912347793579,1,0.475,A3_cost_225,142,balanced
87,S3_ADL_08,3,0,0.9740611910820007,1,0.475,A3_cost_225,142,balanced
93,S3_ADL_14,3,0,0.5823038220405579,1,0.475,A3_cost_225,142,balanced
80,S3_ADL_01,3,0,0.25784769654273987,1,0.2,A3_cost_225,142,sensitivity
82,S3_ADL_03,3,0,0.29710817337036133,1,0.2,A3_cost_225,142,sensitivity
83,S3_ADL_04,3,0,0.4170611798763275,1,0.2,A3_cost_225,142,sensitivity
84,S3_ADL_05,3,0,0.8538095355033875,1,0.2,A3_cost_225,142,sensitivity
85,S3_ADL_06,3,0,0.6089617013931274,1,0.2,A3_cost_225,142,sensitivity
86,S3_ADL_07,3,0,0.6159912347793579,1,0.2,A3_cost_225,142,sensitivity
87,S3_ADL_08,3,0,0.9740611910820007,1,0.2,A3_cost_225,142,sensitivity
93,S3_ADL_14,3,0,0.5823038220405579,1,0.2,A3_cost_225,142,sensitivity
96,S3_ADL_17,3,0,0.21617037057876587,1,0.2,A3_cost_225,142,sensitivity
99,S3_ADL_20,3,0,0.3236498236656189,1,0.2,A3_cost_225,142,sensitivity
100,S3_ADL_21,3,0,0.38194960355758667,1,0.2,A3_cost_225,142,sensitivity
127,S4_ADL_05,4,0,0.9982632994651794,1,0.5,A3_cost_225,142,fixed
128,S4_ADL_06,4,0,0.9717308282852173,1,0.5,A3_cost_225,142,fixed
144,S4_FALL_02,4,1,0.33312880992889404,0,0.5,A3_cost_225,142,fixed
147,S4_FALL_05,4,1,0.05864381045103073,0,0.5,A3_cost_225,142,fixed
155,S4_FALL_13,4,1,0.11462912708520889,0,0.5,A3_cost_225,142,fixed
127,S4_ADL_05,4,0,0.9982632994651794,1,0.725,A3_cost_225,142,balanced
128,S4_ADL_06,4,0,0.9717308282852173,1,0.725,A3_cost_225,142,balanced
144,S4_FALL_02,4,1,0.33312880992889404,0,0.725,A3_cost_225,142,balanced
147,S4_FALL_05,4,1,0.05864381045103073,0,0.725,A3_cost_225,142,balanced
151,S4_FALL_09,4,1,0.7059223055839539,0,0.725,A3_cost_225,142,balanced
155,S4_FALL_13,4,1,0.11462912708520889,0,0.725,A3_cost_225,142,balanced
127,S4_ADL_05,4,0,0.9982632994651794,1,0.725,A3_cost_225,142,sensitivity
128,S4_ADL_06,4,0,0.9717308282852173,1,0.725,A3_cost_225,142,sensitivity
144,S4_FALL_02,4,1,0.33312880992889404,0,0.725,A3_cost_225,142,sensitivity
147,S4_FALL_05,4,1,0.05864381045103073,0,0.725,A3_cost_225,142,sensitivity
151,S4_FALL_09,4,1,0.7059223055839539,0,0.725,A3_cost_225,142,sensitivity
155,S4_FALL_13,4,1,0.11462912708520889,0,0.725,A3_cost_225,142,sensitivity
0,S1_ADL_01,1,0,0.8848718404769897,1,0.5,A3_cost_225,242,fixed
1,S1_ADL_02,1,0,0.8696753978729248,1,0.5,A3_cost_225,242,fixed
2,S1_ADL_03,1,0,0.9437462091445923,1,0.5,A3_cost_225,242,fixed
0,S1_ADL_01,1,0,0.8848718404769897,1,0.35,A3_cost_225,242,balanced
1,S1_ADL_02,1,0,0.8696753978729248,1,0.35,A3_cost_225,242,balanced
2,S1_ADL_03,1,0,0.9437462091445923,1,0.35,A3_cost_225,242,balanced
0,S1_ADL_01,1,0,0.8848718404769897,1,0.35,A3_cost_225,242,sensitivity
1,S1_ADL_02,1,0,0.8696753978729248,1,0.35,A3_cost_225,242,sensitivity
2,S1_ADL_03,1,0,0.9437462091445923,1,0.35,A3_cost_225,242,sensitivity
34,S2_ADL_03,2,0,0.7486208081245422,1,0.5,A3_cost_225,242,fixed
43,S2_ADL_12,2,0,0.8232772946357727,1,0.5,A3_cost_225,242,fixed
44,S2_ADL_13,2,0,0.5022668838500977,1,0.5,A3_cost_225,242,fixed
45,S2_ADL_14,2,0,0.7946316599845886,1,0.5,A3_cost_225,242,fixed
50,S2_ADL_19,2,0,0.7544603943824768,1,0.5,A3_cost_225,242,fixed
53,S2_ADL_22,2,0,0.9408634901046753,1,0.5,A3_cost_225,242,fixed
34,S2_ADL_03,2,0,0.7486208081245422,1,0.3,A3_cost_225,242,balanced
39,S2_ADL_08,2,0,0.3377734422683716,1,0.3,A3_cost_225,242,balanced
40,S2_ADL_09,2,0,0.4575015604496002,1,0.3,A3_cost_225,242,balanced
43,S2_ADL_12,2,0,0.8232772946357727,1,0.3,A3_cost_225,242,balanced
44,S2_ADL_13,2,0,0.5022668838500977,1,0.3,A3_cost_225,242,balanced
45,S2_ADL_14,2,0,0.7946316599845886,1,0.3,A3_cost_225,242,balanced
47,S2_ADL_16,2,0,0.39770179986953735,1,0.3,A3_cost_225,242,balanced
50,S2_ADL_19,2,0,0.7544603943824768,1,0.3,A3_cost_225,242,balanced
53,S2_ADL_22,2,0,0.9408634901046753,1,0.3,A3_cost_225,242,balanced
34,S2_ADL_03,2,0,0.7486208081245422,1,0.3,A3_cost_225,242,sensitivity
39,S2_ADL_08,2,0,0.3377734422683716,1,0.3,A3_cost_225,242,sensitivity
40,S2_ADL_09,2,0,0.4575015604496002,1,0.3,A3_cost_225,242,sensitivity
43,S2_ADL_12,2,0,0.8232772946357727,1,0.3,A3_cost_225,242,sensitivity
44,S2_ADL_13,2,0,0.5022668838500977,1,0.3,A3_cost_225,242,sensitivity
45,S2_ADL_14,2,0,0.7946316599845886,1,0.3,A3_cost_225,242,sensitivity
47,S2_ADL_16,2,0,0.39770179986953735,1,0.3,A3_cost_225,242,sensitivity
50,S2_ADL_19,2,0,0.7544603943824768,1,0.3,A3_cost_225,242,sensitivity
53,S2_ADL_22,2,0,0.9408634901046753,1,0.3,A3_cost_225,242,sensitivity
84,S3_ADL_05,3,0,0.8452653884887695,1,0.5,A3_cost_225,242,fixed
85,S3_ADL_06,3,0,0.903139591217041,1,0.5,A3_cost_225,242,fixed
118,S3_FALL_17,3,1,0.4109106659889221,0,0.5,A3_cost_225,242,fixed
84,S3_ADL_05,3,0,0.8452653884887695,1,0.825,A3_cost_225,242,balanced
85,S3_ADL_06,3,0,0.903139591217041,1,0.825,A3_cost_225,242,balanced
118,S3_FALL_17,3,1,0.4109106659889221,0,0.825,A3_cost_225,242,balanced
84,S3_ADL_05,3,0,0.8452653884887695,1,0.25,A3_cost_225,242,sensitivity
85,S3_ADL_06,3,0,0.903139591217041,1,0.25,A3_cost_225,242,sensitivity
87,S3_ADL_08,3,0,0.3892630636692047,1,0.25,A3_cost_225,242,sensitivity
127,S4_ADL_05,4,0,0.9999516010284424,1,0.5,A3_cost_225,242,fixed
128,S4_ADL_06,4,0,0.9935826659202576,1,0.5,A3_cost_225,242,fixed
129,S4_ADL_07,4,0,0.7227457761764526,1,0.5,A3_cost_225,242,fixed
141,S4_ADL_19,4,0,0.8257943391799927,1,0.5,A3_cost_225,242,fixed
147,S4_FALL_05,4,1,0.24645300209522247,0,0.5,A3_cost_225,242,fixed
127,S4_ADL_05,4,0,0.9999516010284424,1,0.675,A3_cost_225,242,balanced
128,S4_ADL_06,4,0,0.9935826659202576,1,0.675,A3_cost_225,242,balanced
129,S4_ADL_07,4,0,0.7227457761764526,1,0.675,A3_cost_225,242,balanced
141,S4_ADL_19,4,0,0.8257943391799927,1,0.675,A3_cost_225,242,balanced
147,S4_FALL_05,4,1,0.24645300209522247,0,0.675,A3_cost_225,242,balanced
155,S4_FALL_13,4,1,0.5295654535293579,0,0.675,A3_cost_225,242,balanced
127,S4_ADL_05,4,0,0.9999516010284424,1,0.675,A3_cost_225,242,sensitivity
128,S4_ADL_06,4,0,0.9935826659202576,1,0.675,A3_cost_225,242,sensitivity
129,S4_ADL_07,4,0,0.7227457761764526,1,0.675,A3_cost_225,242,sensitivity
141,S4_ADL_19,4,0,0.8257943391799927,1,0.675,A3_cost_225,242,sensitivity
147,S4_FALL_05,4,1,0.24645300209522247,0,0.675,A3_cost_225,242,sensitivity
155,S4_FALL_13,4,1,0.5295654535293579,0,0.675,A3_cost_225,242,sensitivity
1,S1_ADL_02,1,0,0.835377037525177,1,0.5,A3_cost_225,42,fixed
2,S1_ADL_03,1,0,0.9224852919578552,1,0.5,A3_cost_225,42,fixed
8,S1_ADL_09,1,0,0.7625750303268433,1,0.5,A3_cost_225,42,fixed
12,S1_ADL_13,1,0,0.9902153015136719,1,0.5,A3_cost_225,42,fixed
14,S1_ADL_15,1,0,0.6924960613250732,1,0.5,A3_cost_225,42,fixed
15,S1_ADL_16,1,0,0.5683407783508301,1,0.5,A3_cost_225,42,fixed
2,S1_ADL_03,1,0,0.9224852919578552,1,0.85,A3_cost_225,42,balanced
12,S1_ADL_13,1,0,0.9902153015136719,1,0.85,A3_cost_225,42,balanced
28,S1_FALL_13,1,1,0.8438199162483215,0,0.85,A3_cost_225,42,balanced
1,S1_ADL_02,1,0,0.835377037525177,1,0.42499999999999993,A3_cost_225,42,sensitivity
2,S1_ADL_03,1,0,0.9224852919578552,1,0.42499999999999993,A3_cost_225,42,sensitivity
4,S1_ADL_05,1,0,0.4337003529071808,1,0.42499999999999993,A3_cost_225,42,sensitivity
8,S1_ADL_09,1,0,0.7625750303268433,1,0.42499999999999993,A3_cost_225,42,sensitivity
12,S1_ADL_13,1,0,0.9902153015136719,1,0.42499999999999993,A3_cost_225,42,sensitivity
14,S1_ADL_15,1,0,0.6924960613250732,1,0.42499999999999993,A3_cost_225,42,sensitivity
15,S1_ADL_16,1,0,0.5683407783508301,1,0.42499999999999993,A3_cost_225,42,sensitivity
32,S2_ADL_01,2,0,0.626319944858551,1,0.5,A3_cost_225,42,fixed
50,S2_ADL_19,2,0,0.8050492405891418,1,0.5,A3_cost_225,42,fixed
57,S2_FALL_03,2,1,0.3525272607803345,0,0.5,A3_cost_225,42,fixed
69,S2_FALL_15,2,1,0.38020220398902893,0,0.5,A3_cost_225,42,fixed
32,S2_ADL_01,2,0,0.626319944858551,1,0.525,A3_cost_225,42,balanced
50,S2_ADL_19,2,0,0.8050492405891418,1,0.525,A3_cost_225,42,balanced
57,S2_FALL_03,2,1,0.3525272607803345,0,0.525,A3_cost_225,42,balanced
69,S2_FALL_15,2,1,0.38020220398902893,0,0.525,A3_cost_225,42,balanced
32,S2_ADL_01,2,0,0.626319944858551,1,0.37499999999999994,A3_cost_225,42,sensitivity
45,S2_ADL_14,2,0,0.4316217601299286,1,0.37499999999999994,A3_cost_225,42,sensitivity
50,S2_ADL_19,2,0,0.8050492405891418,1,0.37499999999999994,A3_cost_225,42,sensitivity
57,S2_FALL_03,2,1,0.3525272607803345,0,0.37499999999999994,A3_cost_225,42,sensitivity
84,S3_ADL_05,3,0,0.83217453956604,1,0.5,A3_cost_225,42,fixed
87,S3_ADL_08,3,0,0.8167099952697754,1,0.5,A3_cost_225,42,fixed
84,S3_ADL_05,3,0,0.83217453956604,1,0.39999999999999997,A3_cost_225,42,balanced
85,S3_ADL_06,3,0,0.44102275371551514,1,0.39999999999999997,A3_cost_225,42,balanced
86,S3_ADL_07,3,0,0.41036173701286316,1,0.39999999999999997,A3_cost_225,42,balanced
87,S3_ADL_08,3,0,0.8167099952697754,1,0.39999999999999997,A3_cost_225,42,balanced
84,S3_ADL_05,3,0,0.83217453956604,1,0.39999999999999997,A3_cost_225,42,sensitivity
85,S3_ADL_06,3,0,0.44102275371551514,1,0.39999999999999997,A3_cost_225,42,sensitivity
86,S3_ADL_07,3,0,0.41036173701286316,1,0.39999999999999997,A3_cost_225,42,sensitivity
87,S3_ADL_08,3,0,0.8167099952697754,1,0.39999999999999997,A3_cost_225,42,sensitivity
127,S4_ADL_05,4,0,0.9970073103904724,1,0.5,A3_cost_225,42,fixed
128,S4_ADL_06,4,0,0.9629724621772766,1,0.5,A3_cost_225,42,fixed
129,S4_ADL_07,4,0,0.9766015410423279,1,0.5,A3_cost_225,42,fixed
147,S4_FALL_05,4,1,0.22085335850715637,0,0.5,A3_cost_225,42,fixed
127,S4_ADL_05,4,0,0.9970073103904724,1,0.85,A3_cost_225,42,balanced
128,S4_ADL_06,4,0,0.9629724621772766,1,0.85,A3_cost_225,42,balanced
129,S4_ADL_07,4,0,0.9766015410423279,1,0.85,A3_cost_225,42,balanced
147,S4_FALL_05,4,1,0.22085335850715637,0,0.85,A3_cost_225,42,balanced
150,S4_FALL_08,4,1,0.842013955116272,0,0.85,A3_cost_225,42,balanced
155,S4_FALL_13,4,1,0.6820553541183472,0,0.85,A3_cost_225,42,balanced
159,S4_FALL_17,4,1,0.5571373701095581,0,0.85,A3_cost_225,42,balanced
127,S4_ADL_05,4,0,0.9970073103904724,1,0.6,A3_cost_225,42,sensitivity
128,S4_ADL_06,4,0,0.9629724621772766,1,0.6,A3_cost_225,42,sensitivity
129,S4_ADL_07,4,0,0.9766015410423279,1,0.6,A3_cost_225,42,sensitivity
147,S4_FALL_05,4,1,0.22085335850715637,0,0.6,A3_cost_225,42,sensitivity
159,S4_FALL_17,4,1,0.5571373701095581,0,0.6,A3_cost_225,42,sensitivity
1,S1_ADL_02,1,0,0.6065481305122375,1,0.5,A3_motion_attention,142,fixed
2,S1_ADL_03,1,0,0.6992818117141724,1,0.5,A3_motion_attention,142,fixed
28,S1_FALL_13,1,1,0.2346353381872177,0,0.5,A3_motion_attention,142,fixed
1,S1_ADL_02,1,0,0.6065481305122375,1,0.2,A3_motion_attention,142,balanced
2,S1_ADL_03,1,0,0.6992818117141724,1,0.2,A3_motion_attention,142,balanced
1,S1_ADL_02,1,0,0.6065481305122375,1,0.2,A3_motion_attention,142,sensitivity
2,S1_ADL_03,1,0,0.6992818117141724,1,0.2,A3_motion_attention,142,sensitivity
35,S2_ADL_04,2,0,0.7402260899543762,1,0.5,A3_motion_attention,142,fixed
43,S2_ADL_12,2,0,0.6196845769882202,1,0.5,A3_motion_attention,142,fixed
57,S2_FALL_03,2,1,0.4451330006122589,0,0.5,A3_motion_attention,142,fixed
69,S2_FALL_15,2,1,0.419597327709198,0,0.5,A3_motion_attention,142,fixed
34,S2_ADL_03,2,0,0.262362539768219,1,0.25,A3_motion_attention,142,balanced
35,S2_ADL_04,2,0,0.7402260899543762,1,0.25,A3_motion_attention,142,balanced
43,S2_ADL_12,2,0,0.6196845769882202,1,0.25,A3_motion_attention,142,balanced
53,S2_ADL_22,2,0,0.49356067180633545,1,0.25,A3_motion_attention,142,balanced
34,S2_ADL_03,2,0,0.262362539768219,1,0.2,A3_motion_attention,142,sensitivity
35,S2_ADL_04,2,0,0.7402260899543762,1,0.2,A3_motion_attention,142,sensitivity
43,S2_ADL_12,2,0,0.6196845769882202,1,0.2,A3_motion_attention,142,sensitivity
53,S2_ADL_22,2,0,0.49356067180633545,1,0.2,A3_motion_attention,142,sensitivity
84,S3_ADL_05,3,0,0.9293025732040405,1,0.5,A3_motion_attention,142,fixed
85,S3_ADL_06,3,0,0.9227529764175415,1,0.5,A3_motion_attention,142,fixed
87,S3_ADL_08,3,0,0.9967514276504517,1,0.5,A3_motion_attention,142,fixed
107,S3_FALL_06,3,1,0.4645006060600281,0,0.5,A3_motion_attention,142,fixed
118,S3_FALL_17,3,1,0.3179243505001068,0,0.5,A3_motion_attention,142,fixed
84,S3_ADL_05,3,0,0.9293025732040405,1,0.22499999999999998,A3_motion_attention,142,balanced
85,S3_ADL_06,3,0,0.9227529764175415,1,0.22499999999999998,A3_motion_attention,142,balanced
86,S3_ADL_07,3,0,0.4070882499217987,1,0.22499999999999998,A3_motion_attention,142,balanced
87,S3_ADL_08,3,0,0.9967514276504517,1,0.22499999999999998,A3_motion_attention,142,balanced
93,S3_ADL_14,3,0,0.32696422934532166,1,0.22499999999999998,A3_motion_attention,142,balanced
84,S3_ADL_05,3,0,0.9293025732040405,1,0.27499999999999997,A3_motion_attention,142,sensitivity
85,S3_ADL_06,3,0,0.9227529764175415,1,0.27499999999999997,A3_motion_attention,142,sensitivity
86,S3_ADL_07,3,0,0.4070882499217987,1,0.27499999999999997,A3_motion_attention,142,sensitivity
87,S3_ADL_08,3,0,0.9967514276504517,1,0.27499999999999997,A3_motion_attention,142,sensitivity
93,S3_ADL_14,3,0,0.32696422934532166,1,0.27499999999999997,A3_motion_attention,142,sensitivity
127,S4_ADL_05,4,0,0.995708703994751,1,0.5,A3_motion_attention,142,fixed
128,S4_ADL_06,4,0,0.9868934154510498,1,0.5,A3_motion_attention,142,fixed
144,S4_FALL_02,4,1,0.1003827154636383,0,0.5,A3_motion_attention,142,fixed
147,S4_FALL_05,4,1,0.023429954424500465,0,0.5,A3_motion_attention,142,fixed
155,S4_FALL_13,4,1,0.04078679531812668,0,0.5,A3_motion_attention,142,fixed
127,S4_ADL_05,4,0,0.995708703994751,1,0.525,A3_motion_attention,142,balanced
128,S4_ADL_06,4,0,0.9868934154510498,1,0.525,A3_motion_attention,142,balanced
144,S4_FALL_02,4,1,0.1003827154636383,0,0.525,A3_motion_attention,142,balanced
147,S4_FALL_05,4,1,0.023429954424500465,0,0.525,A3_motion_attention,142,balanced
151,S4_FALL_09,4,1,0.5094466805458069,0,0.525,A3_motion_attention,142,balanced
155,S4_FALL_13,4,1,0.04078679531812668,0,0.525,A3_motion_attention,142,balanced
127,S4_ADL_05,4,0,0.995708703994751,1,0.525,A3_motion_attention,142,sensitivity
128,S4_ADL_06,4,0,0.9868934154510498,1,0.525,A3_motion_attention,142,sensitivity
144,S4_FALL_02,4,1,0.1003827154636383,0,0.525,A3_motion_attention,142,sensitivity
147,S4_FALL_05,4,1,0.023429954424500465,0,0.525,A3_motion_attention,142,sensitivity
151,S4_FALL_09,4,1,0.5094466805458069,0,0.525,A3_motion_attention,142,sensitivity
155,S4_FALL_13,4,1,0.04078679531812668,0,0.525,A3_motion_attention,142,sensitivity
0,S1_ADL_01,1,0,0.6946229934692383,1,0.5,A3_motion_attention,242,fixed
1,S1_ADL_02,1,0,0.6999732255935669,1,0.5,A3_motion_attention,242,fixed
2,S1_ADL_03,1,0,0.8340826034545898,1,0.5,A3_motion_attention,242,fixed
0,S1_ADL_01,1,0,0.6946229934692383,1,0.42499999999999993,A3_motion_attention,242,balanced
1,S1_ADL_02,1,0,0.6999732255935669,1,0.42499999999999993,A3_motion_attention,242,balanced
2,S1_ADL_03,1,0,0.8340826034545898,1,0.42499999999999993,A3_motion_attention,242,balanced
0,S1_ADL_01,1,0,0.6946229934692383,1,0.42499999999999993,A3_motion_attention,242,sensitivity
1,S1_ADL_02,1,0,0.6999732255935669,1,0.42499999999999993,A3_motion_attention,242,sensitivity
2,S1_ADL_03,1,0,0.8340826034545898,1,0.42499999999999993,A3_motion_attention,242,sensitivity
34,S2_ADL_03,2,0,0.6752114295959473,1,0.5,A3_motion_attention,242,fixed
40,S2_ADL_09,2,0,0.6370310187339783,1,0.5,A3_motion_attention,242,fixed
43,S2_ADL_12,2,0,0.7940102815628052,1,0.5,A3_motion_attention,242,fixed
44,S2_ADL_13,2,0,0.5195887684822083,1,0.5,A3_motion_attention,242,fixed
45,S2_ADL_14,2,0,0.9097965359687805,1,0.5,A3_motion_attention,242,fixed
47,S2_ADL_16,2,0,0.5518014430999756,1,0.5,A3_motion_attention,242,fixed
50,S2_ADL_19,2,0,0.8005231618881226,1,0.5,A3_motion_attention,242,fixed
53,S2_ADL_22,2,0,0.8594577312469482,1,0.5,A3_motion_attention,242,fixed
34,S2_ADL_03,2,0,0.6752114295959473,1,0.25,A3_motion_attention,242,balanced
39,S2_ADL_08,2,0,0.359121710062027,1,0.25,A3_motion_attention,242,balanced
40,S2_ADL_09,2,0,0.6370310187339783,1,0.25,A3_motion_attention,242,balanced
43,S2_ADL_12,2,0,0.7940102815628052,1,0.25,A3_motion_attention,242,balanced
44,S2_ADL_13,2,0,0.5195887684822083,1,0.25,A3_motion_attention,242,balanced
45,S2_ADL_14,2,0,0.9097965359687805,1,0.25,A3_motion_attention,242,balanced
47,S2_ADL_16,2,0,0.5518014430999756,1,0.25,A3_motion_attention,242,balanced
50,S2_ADL_19,2,0,0.8005231618881226,1,0.25,A3_motion_attention,242,balanced
52,S2_ADL_21,2,0,0.26049208641052246,1,0.25,A3_motion_attention,242,balanced
53,S2_ADL_22,2,0,0.8594577312469482,1,0.25,A3_motion_attention,242,balanced
34,S2_ADL_03,2,0,0.6752114295959473,1,0.27499999999999997,A3_motion_attention,242,sensitivity
39,S2_ADL_08,2,0,0.359121710062027,1,0.27499999999999997,A3_motion_attention,242,sensitivity
40,S2_ADL_09,2,0,0.6370310187339783,1,0.27499999999999997,A3_motion_attention,242,sensitivity
43,S2_ADL_12,2,0,0.7940102815628052,1,0.27499999999999997,A3_motion_attention,242,sensitivity
44,S2_ADL_13,2,0,0.5195887684822083,1,0.27499999999999997,A3_motion_attention,242,sensitivity
45,S2_ADL_14,2,0,0.9097965359687805,1,0.27499999999999997,A3_motion_attention,242,sensitivity
47,S2_ADL_16,2,0,0.5518014430999756,1,0.27499999999999997,A3_motion_attention,242,sensitivity
50,S2_ADL_19,2,0,0.8005231618881226,1,0.27499999999999997,A3_motion_attention,242,sensitivity
53,S2_ADL_22,2,0,0.8594577312469482,1,0.27499999999999997,A3_motion_attention,242,sensitivity
84,S3_ADL_05,3,0,0.8271195292472839,1,0.5,A3_motion_attention,242,fixed
107,S3_FALL_06,3,1,0.21771357953548431,0,0.5,A3_motion_attention,242,fixed
110,S3_FALL_09,3,1,0.390906423330307,0,0.5,A3_motion_attention,242,fixed
111,S3_FALL_10,3,1,0.17159412801265717,0,0.5,A3_motion_attention,242,fixed
114,S3_FALL_13,3,1,0.36905577778816223,0,0.5,A3_motion_attention,242,fixed
118,S3_FALL_17,3,1,0.25900566577911377,0,0.5,A3_motion_attention,242,fixed
84,S3_ADL_05,3,0,0.8271195292472839,1,0.42499999999999993,A3_motion_attention,242,balanced
87,S3_ADL_08,3,0,0.49960967898368835,1,0.42499999999999993,A3_motion_attention,242,balanced
107,S3_FALL_06,3,1,0.21771357953548431,0,0.42499999999999993,A3_motion_attention,242,balanced
110,S3_FALL_09,3,1,0.390906423330307,0,0.42499999999999993,A3_motion_attention,242,balanced
111,S3_FALL_10,3,1,0.17159412801265717,0,0.42499999999999993,A3_motion_attention,242,balanced
114,S3_FALL_13,3,1,0.36905577778816223,0,0.42499999999999993,A3_motion_attention,242,balanced
118,S3_FALL_17,3,1,0.25900566577911377,0,0.42499999999999993,A3_motion_attention,242,balanced
84,S3_ADL_05,3,0,0.8271195292472839,1,0.3,A3_motion_attention,242,sensitivity
87,S3_ADL_08,3,0,0.49960967898368835,1,0.3,A3_motion_attention,242,sensitivity
107,S3_FALL_06,3,1,0.21771357953548431,0,0.3,A3_motion_attention,242,sensitivity
111,S3_FALL_10,3,1,0.17159412801265717,0,0.3,A3_motion_attention,242,sensitivity
118,S3_FALL_17,3,1,0.25900566577911377,0,0.3,A3_motion_attention,242,sensitivity
127,S4_ADL_05,4,0,0.5909883379936218,1,0.5,A3_motion_attention,242,fixed
128,S4_ADL_06,4,0,0.9999698400497437,1,0.5,A3_motion_attention,242,fixed
144,S4_FALL_02,4,1,0.10713856667280197,0,0.5,A3_motion_attention,242,fixed
147,S4_FALL_05,4,1,0.1874982714653015,0,0.5,A3_motion_attention,242,fixed
155,S4_FALL_13,4,1,0.15804649889469147,0,0.5,A3_motion_attention,242,fixed
128,S4_ADL_06,4,0,0.9999698400497437,1,0.625,A3_motion_attention,242,balanced
144,S4_FALL_02,4,1,0.10713856667280197,0,0.625,A3_motion_attention,242,balanced
147,S4_FALL_05,4,1,0.1874982714653015,0,0.625,A3_motion_attention,242,balanced
155,S4_FALL_13,4,1,0.15804649889469147,0,0.625,A3_motion_attention,242,balanced
128,S4_ADL_06,4,0,0.9999698400497437,1,0.625,A3_motion_attention,242,sensitivity
144,S4_FALL_02,4,1,0.10713856667280197,0,0.625,A3_motion_attention,242,sensitivity
147,S4_FALL_05,4,1,0.1874982714653015,0,0.625,A3_motion_attention,242,sensitivity
155,S4_FALL_13,4,1,0.15804649889469147,0,0.625,A3_motion_attention,242,sensitivity
0,S1_ADL_01,1,0,0.6183735132217407,1,0.5,A3_motion_attention,42,fixed
2,S1_ADL_03,1,0,0.6067271828651428,1,0.5,A3_motion_attention,42,fixed
0,S1_ADL_01,1,0,0.6183735132217407,1,0.32499999999999996,A3_motion_attention,42,sensitivity
1,S1_ADL_02,1,0,0.41851621866226196,1,0.32499999999999996,A3_motion_attention,42,sensitivity
2,S1_ADL_03,1,0,0.6067271828651428,1,0.32499999999999996,A3_motion_attention,42,sensitivity
57,S2_FALL_03,2,1,0.07553629577159882,0,0.5,A3_motion_attention,42,fixed
67,S2_FALL_13,2,1,0.19133490324020386,0,0.5,A3_motion_attention,42,fixed
40,S2_ADL_09,2,0,0.33644405007362366,1,0.2,A3_motion_attention,42,balanced
43,S2_ADL_12,2,0,0.3320053517818451,1,0.2,A3_motion_attention,42,balanced
44,S2_ADL_13,2,0,0.21226060390472412,1,0.2,A3_motion_attention,42,balanced
47,S2_ADL_16,2,0,0.20446167886257172,1,0.2,A3_motion_attention,42,balanced
50,S2_ADL_19,2,0,0.22624990344047546,1,0.2,A3_motion_attention,42,balanced
57,S2_FALL_03,2,1,0.07553629577159882,0,0.2,A3_motion_attention,42,balanced
67,S2_FALL_13,2,1,0.19133490324020386,0,0.2,A3_motion_attention,42,balanced
40,S2_ADL_09,2,0,0.33644405007362366,1,0.2,A3_motion_attention,42,sensitivity
43,S2_ADL_12,2,0,0.3320053517818451,1,0.2,A3_motion_attention,42,sensitivity
44,S2_ADL_13,2,0,0.21226060390472412,1,0.2,A3_motion_attention,42,sensitivity
47,S2_ADL_16,2,0,0.20446167886257172,1,0.2,A3_motion_attention,42,sensitivity
50,S2_ADL_19,2,0,0.22624990344047546,1,0.2,A3_motion_attention,42,sensitivity
57,S2_FALL_03,2,1,0.07553629577159882,0,0.2,A3_motion_attention,42,sensitivity
67,S2_FALL_13,2,1,0.19133490324020386,0,0.2,A3_motion_attention,42,sensitivity
84,S3_ADL_05,3,0,0.707358717918396,1,0.5,A3_motion_attention,42,fixed
107,S3_FALL_06,3,1,0.16803555190563202,0,0.5,A3_motion_attention,42,fixed
84,S3_ADL_05,3,0,0.707358717918396,1,0.525,A3_motion_attention,42,balanced
107,S3_FALL_06,3,1,0.16803555190563202,0,0.525,A3_motion_attention,42,balanced
84,S3_ADL_05,3,0,0.707358717918396,1,0.2,A3_motion_attention,42,sensitivity
85,S3_ADL_06,3,0,0.3357267379760742,1,0.2,A3_motion_attention,42,sensitivity
87,S3_ADL_08,3,0,0.36096426844596863,1,0.2,A3_motion_attention,42,sensitivity
107,S3_FALL_06,3,1,0.16803555190563202,0,0.2,A3_motion_attention,42,sensitivity
127,S4_ADL_05,4,0,0.9999203681945801,1,0.5,A3_motion_attention,42,fixed
128,S4_ADL_06,4,0,0.9630193114280701,1,0.5,A3_motion_attention,42,fixed
129,S4_ADL_07,4,0,0.9688439965248108,1,0.5,A3_motion_attention,42,fixed
132,S4_ADL_10,4,0,0.8765816688537598,1,0.5,A3_motion_attention,42,fixed
138,S4_ADL_16,4,0,0.6618748903274536,1,0.5,A3_motion_attention,42,fixed
127,S4_ADL_05,4,0,0.9999203681945801,1,0.575,A3_motion_attention,42,balanced
128,S4_ADL_06,4,0,0.9630193114280701,1,0.575,A3_motion_attention,42,balanced
129,S4_ADL_07,4,0,0.9688439965248108,1,0.575,A3_motion_attention,42,balanced
132,S4_ADL_10,4,0,0.8765816688537598,1,0.575,A3_motion_attention,42,balanced
138,S4_ADL_16,4,0,0.6618748903274536,1,0.575,A3_motion_attention,42,balanced
147,S4_FALL_05,4,1,0.5004818439483643,0,0.575,A3_motion_attention,42,balanced
155,S4_FALL_13,4,1,0.5210093855857849,0,0.575,A3_motion_attention,42,balanced
127,S4_ADL_05,4,0,0.9999203681945801,1,0.49999999999999994,A3_motion_attention,42,sensitivity
128,S4_ADL_06,4,0,0.9630193114280701,1,0.49999999999999994,A3_motion_attention,42,sensitivity
129,S4_ADL_07,4,0,0.9688439965248108,1,0.49999999999999994,A3_motion_attention,42,sensitivity
132,S4_ADL_10,4,0,0.8765816688537598,1,0.49999999999999994,A3_motion_attention,42,sensitivity
138,S4_ADL_16,4,0,0.6618748903274536,1,0.49999999999999994,A3_motion_attention,42,sensitivity
1,S1_ADL_02,1,0,1.2019758334536785,1,0.0,SVM_v2,0,fixed
2,S1_ADL_03,1,0,0.5362264350667337,1,0.0,SVM_v2,0,fixed
14,S1_ADL_15,1,0,0.018514595764951847,1,0.0,SVM_v2,0,fixed
1,S1_ADL_02,1,0,1.2019758334536785,1,0.0,SVM_v2,0,balanced
2,S1_ADL_03,1,0,0.5362264350667337,1,0.0,SVM_v2,0,balanced
14,S1_ADL_15,1,0,0.018514595764951847,1,0.0,SVM_v2,0,balanced
1,S1_ADL_02,1,0,1.2019758334536785,1,-0.263783303339003,SVM_v2,0,sensitivity
2,S1_ADL_03,1,0,0.5362264350667337,1,-0.263783303339003,SVM_v2,0,sensitivity
14,S1_ADL_15,1,0,0.018514595764951847,1,-0.263783303339003,SVM_v2,0,sensitivity
34,S2_ADL_03,2,0,0.03144506862526686,1,0.0,SVM_v2,0,fixed
44,S2_ADL_13,2,0,0.5080576655506154,1,0.0,SVM_v2,0,fixed
45,S2_ADL_14,2,0,0.28604480053735715,1,0.0,SVM_v2,0,fixed
51,S2_ADL_20,2,0,0.11838477859731611,1,0.0,SVM_v2,0,fixed
57,S2_FALL_03,2,1,-0.470492917422889,0,0.0,SVM_v2,0,fixed
62,S2_FALL_08,2,1,-0.36351515548558855,0,0.0,SVM_v2,0,fixed
44,S2_ADL_13,2,0,0.5080576655506154,1,0.04186369705644935,SVM_v2,0,balanced
45,S2_ADL_14,2,0,0.28604480053735715,1,0.04186369705644935,SVM_v2,0,balanced
51,S2_ADL_20,2,0,0.11838477859731611,1,0.04186369705644935,SVM_v2,0,balanced
57,S2_FALL_03,2,1,-0.470492917422889,0,0.04186369705644935,SVM_v2,0,balanced
62,S2_FALL_08,2,1,-0.36351515548558855,0,0.04186369705644935,SVM_v2,0,balanced
72,S2_FALL_18,2,1,0.024469818617529948,0,0.04186369705644935,SVM_v2,0,balanced
34,S2_ADL_03,2,0,0.03144506862526686,1,-0.5146880191688498,SVM_v2,0,sensitivity
35,S2_ADL_04,2,0,-0.1440408403967962,1,-0.5146880191688498,SVM_v2,0,sensitivity
37,S2_ADL_06,2,0,-0.25228522490446015,1,-0.5146880191688498,SVM_v2,0,sensitivity
43,S2_ADL_12,2,0,-0.353514079618961,1,-0.5146880191688498,SVM_v2,0,sensitivity
44,S2_ADL_13,2,0,0.5080576655506154,1,-0.5146880191688498,SVM_v2,0,sensitivity
45,S2_ADL_14,2,0,0.28604480053735715,1,-0.5146880191688498,SVM_v2,0,sensitivity
48,S2_ADL_17,2,0,-0.2862266448580201,1,-0.5146880191688498,SVM_v2,0,sensitivity
50,S2_ADL_19,2,0,-0.2668019098789568,1,-0.5146880191688498,SVM_v2,0,sensitivity
51,S2_ADL_20,2,0,0.11838477859731611,1,-0.5146880191688498,SVM_v2,0,sensitivity
85,S3_ADL_06,3,0,0.24346673729928464,1,0.0,SVM_v2,0,fixed
93,S3_ADL_14,3,0,0.378662408279253,1,0.0,SVM_v2,0,fixed
107,S3_FALL_06,3,1,-0.507909728380342,0,0.0,SVM_v2,0,fixed
110,S3_FALL_09,3,1,-0.5643936018870459,0,0.0,SVM_v2,0,fixed
114,S3_FALL_13,3,1,-0.4201441944460473,0,0.0,SVM_v2,0,fixed
118,S3_FALL_17,3,1,-0.6694500878078804,0,0.0,SVM_v2,0,fixed
85,S3_ADL_06,3,0,0.24346673729928464,1,0.11609469776137571,SVM_v2,0,balanced
93,S3_ADL_14,3,0,0.378662408279253,1,0.11609469776137571,SVM_v2,0,balanced
107,S3_FALL_06,3,1,-0.507909728380342,0,0.11609469776137571,SVM_v2,0,balanced
110,S3_FALL_09,3,1,-0.5643936018870459,0,0.11609469776137571,SVM_v2,0,balanced
114,S3_FALL_13,3,1,-0.4201441944460473,0,0.11609469776137571,SVM_v2,0,balanced
118,S3_FALL_17,3,1,-0.6694500878078804,0,0.11609469776137571,SVM_v2,0,balanced
85,S3_ADL_06,3,0,0.24346673729928464,1,-0.5487315359090608,SVM_v2,0,sensitivity
86,S3_ADL_07,3,0,-0.27157466061139385,1,-0.5487315359090608,SVM_v2,0,sensitivity
92,S3_ADL_13,3,0,-0.050049796186203144,1,-0.5487315359090608,SVM_v2,0,sensitivity
93,S3_ADL_14,3,0,0.378662408279253,1,-0.5487315359090608,SVM_v2,0,sensitivity
110,S3_FALL_09,3,1,-0.5643936018870459,0,-0.5487315359090608,SVM_v2,0,sensitivity
118,S3_FALL_17,3,1,-0.6694500878078804,0,-0.5487315359090608,SVM_v2,0,sensitivity
127,S4_ADL_05,4,0,0.7830418523641471,1,0.0,SVM_v2,0,fixed
129,S4_ADL_07,4,0,0.5650260572509003,1,0.0,SVM_v2,0,fixed
132,S4_ADL_10,4,0,0.26688974071350724,1,0.0,SVM_v2,0,fixed
137,S4_ADL_15,4,0,0.0272585248097722,1,0.0,SVM_v2,0,fixed
139,S4_ADL_17,4,0,0.8829658861027555,1,0.0,SVM_v2,0,fixed
141,S4_ADL_19,4,0,0.4163213466614498,1,0.0,SVM_v2,0,fixed
147,S4_FALL_05,4,1,-0.3688370266337452,0,0.0,SVM_v2,0,fixed
148,S4_FALL_06,4,1,-0.03408127486662249,0,0.0,SVM_v2,0,fixed
159,S4_FALL_17,4,1,-0.8820554347505628,0,0.0,SVM_v2,0,fixed
127,S4_ADL_05,4,0,0.7830418523641471,1,0.14512213974974153,SVM_v2,0,balanced
129,S4_ADL_07,4,0,0.5650260572509003,1,0.14512213974974153,SVM_v2,0,balanced
132,S4_ADL_10,4,0,0.26688974071350724,1,0.14512213974974153,SVM_v2,0,balanced
139,S4_ADL_17,4,0,0.8829658861027555,1,0.14512213974974153,SVM_v2,0,balanced
141,S4_ADL_19,4,0,0.4163213466614498,1,0.14512213974974153,SVM_v2,0,balanced
147,S4_FALL_05,4,1,-0.3688370266337452,0,0.14512213974974153,SVM_v2,0,balanced
148,S4_FALL_06,4,1,-0.03408127486662249,0,0.14512213974974153,SVM_v2,0,balanced
159,S4_FALL_17,4,1,-0.8820554347505628,0,0.14512213974974153,SVM_v2,0,balanced
127,S4_ADL_05,4,0,0.7830418523641471,1,-0.08538148068092064,SVM_v2,0,sensitivity
129,S4_ADL_07,4,0,0.5650260572509003,1,-0.08538148068092064,SVM_v2,0,sensitivity
132,S4_ADL_10,4,0,0.26688974071350724,1,-0.08538148068092064,SVM_v2,0,sensitivity
137,S4_ADL_15,4,0,0.0272585248097722,1,-0.08538148068092064,SVM_v2,0,sensitivity
138,S4_ADL_16,4,0,-0.042301125747683854,1,-0.08538148068092064,SVM_v2,0,sensitivity
139,S4_ADL_17,4,0,0.8829658861027555,1,-0.08538148068092064,SVM_v2,0,sensitivity
141,S4_ADL_19,4,0,0.4163213466614498,1,-0.08538148068092064,SVM_v2,0,sensitivity
147,S4_FALL_05,4,1,-0.3688370266337452,0,-0.08538148068092064,SVM_v2,0,sensitivity
159,S4_FALL_17,4,1,-0.8820554347505628,0,-0.08538148068092064,SVM_v2,0,sensitivity
