variant,seed,subject,policy,threshold,epochs,inner_target_met,accuracy,balanced_accuracy,sensitivity,specificity,precision,f1,f2,false_alarm_rate,tp,tn,fp,fn
A0_pose_average,142,1,fixed,0.5,19.0,,0.84375,0.84375,0.875,0.8125,0.8235294117647058,0.8484848484848485,0.8641975308641975,0.1875,14,13,3,2
A0_pose_average,142,1,balanced,0.22499999999999998,19.0,True,0.875,0.875,0.9375,0.8125,0.8333333333333334,0.8823529411764706,0.9146341463414634,0.1875,15,13,3,1
A0_pose_average,142,1,sensitivity,0.22499999999999998,19.0,True,0.875,0.875,0.9375,0.8125,0.8333333333333334,0.8823529411764706,0.9146341463414634,0.1875,15,13,3,1
A0_pose_average,142,2,fixed,0.5,6.0,,0.75,0.7547826086956522,0.64,0.8695652173913043,0.8421052631578947,0.7272727272727273,0.6722689075630253,0.13043478260869565,16,20,3,9
A0_pose_average,142,2,balanced,0.49999999999999994,6.0,False,0.75,0.7547826086956522,0.64,0.8695652173913043,0.8421052631578947,0.7272727272727273,0.6722689075630253,0.13043478260869565,16,20,3,9
A0_pose_average,142,2,sensitivity,0.27499999999999997,6.0,False,0.7708333333333334,0.7695652173913043,0.8,0.7391304347826086,0.7692307692307693,0.7843137254901961,0.7936507936507936,0.2608695652173913,20,17,6,5
A0_pose_average,142,3,fixed,0.5,7.0,,0.9069767441860465,0.9080086580086579,0.9523809523809523,0.8636363636363636,0.8695652173913043,0.9090909090909091,0.9345794392523364,0.13636363636363635,20,19,3,1
A0_pose_average,142,3,balanced,0.42499999999999993,7.0,False,0.9302325581395349,0.9318181818181819,1.0,0.8636363636363636,0.875,0.9333333333333333,0.9722222222222222,0.13636363636363635,21,19,3,0
A0_pose_average,142,3,sensitivity,0.37499999999999994,7.0,False,0.9302325581395349,0.9318181818181819,1.0,0.8636363636363636,0.875,0.9333333333333333,0.9722222222222222,0.13636363636363635,21,19,3,0
A0_pose_average,142,4,fixed,0.5,29.0,,0.7567567567567568,0.7529411764705882,0.7058823529411765,0.8,0.75,0.7272727272727273,0.7142857142857143,0.2,12,16,4,5
A0_pose_average,142,4,balanced,0.775,29.0,False,0.6756756756756757,0.6647058823529413,0.5294117647058824,0.8,0.6923076923076923,0.6,0.5555555555555556,0.2,9,16,4,8
A0_pose_average,142,4,sensitivity,0.22499999999999998,29.0,True,0.7567567567567568,0.7617647058823529,0.8235294117647058,0.7,0.7,0.7567567567567568,0.7954545454545454,0.3,14,14,6,3
A0_pose_average,242,1,fixed,0.5,10.0,,0.84375,0.84375,0.875,0.8125,0.8235294117647058,0.8484848484848485,0.8641975308641975,0.1875,14,13,3,2
A0_pose_average,242,1,balanced,0.22499999999999998,10.0,True,0.875,0.875,0.9375,0.8125,0.8333333333333334,0.8823529411764706,0.9146341463414634,0.1875,15,13,3,1
A0_pose_average,242,1,sensitivity,0.39999999999999997,10.0,True,0.875,0.875,0.9375,0.8125,0.8333333333333334,0.8823529411764706,0.9146341463414634,0.1875,15,13,3,1
A0_pose_average,242,2,fixed,0.5,18.0,,0.7916666666666666,0.7930434782608695,0.76,0.8260869565217391,0.8260869565217391,0.7916666666666666,0.7723577235772358,0.17391304347826086,19,19,4,6
A0_pose_average,242,2,balanced,0.32499999999999996,18.0,False,0.8541666666666666,0.851304347826087,0.92,0.782608695652174,0.8214285714285714,0.8679245283018868,0.8984375,0.21739130434782608,23,18,5,2
A0_pose_average,242,2,sensitivity,0.3,18.0,False,0.8333333333333334,0.8295652173913044,0.92,0.7391304347826086,0.7931034482758621,0.8518518518518519,0.8914728682170543,0.2608695652173913,23,17,6,2
A0_pose_average,242,3,fixed,0.5,13.0,,0.9302325581395349,0.9307359307359306,0.9523809523809523,0.9090909090909091,0.9090909090909091,0.9302325581395349,0.9433962264150944,0.09090909090909091,20,20,2,1
A0_pose_average,242,3,balanced,0.42499999999999993,13.0,False,0.9534883720930233,0.9545454545454546,1.0,0.9090909090909091,0.9130434782608695,0.9545454545454546,0.9813084112149533,0.09090909090909091,21,20,2,0
A0_pose_average,242,3,sensitivity,0.05,13.0,False,0.9069767441860465,0.9090909090909092,1.0,0.8181818181818182,0.84,0.9130434782608695,0.963302752293578,0.18181818181818182,21,18,4,0
A0_pose_average,242,4,fixed,0.5,26.0,,0.7297297297297297,0.7279411764705883,0.7058823529411765,0.75,0.7058823529411765,0.7058823529411765,0.7058823529411765,0.25,12,15,5,5
A0_pose_average,242,4,balanced,0.675,26.0,False,0.7297297297297297,0.723529411764706,0.6470588235294118,0.8,0.7333333333333333,0.6875,0.6626506024096386,0.2,11,16,4,6
A0_pose_average,242,4,sensitivity,0.27499999999999997,26.0,True,0.8108108108108109,0.8205882352941176,0.9411764705882353,0.7,0.7272727272727273,0.8205128205128205,0.8888888888888888,0.3,16,14,6,1
A0_pose_average,42,1,fixed,0.5,20.0,,0.875,0.875,0.9375,0.8125,0.8333333333333334,0.8823529411764706,0.9146341463414634,0.1875,15,13,3,1
A0_pose_average,42,1,balanced,0.575,20.0,False,0.84375,0.84375,0.875,0.8125,0.8235294117647058,0.8484848484848485,0.8641975308641975,0.1875,14,13,3,2
A0_pose_average,42,1,sensitivity,0.39999999999999997,20.0,True,0.875,0.875,0.9375,0.8125,0.8333333333333334,0.8823529411764706,0.9146341463414634,0.1875,15,13,3,1
A0_pose_average,42,2,fixed,0.5,15.0,,0.9166666666666666,0.9165217391304348,0.92,0.9130434782608695,0.92,0.92,0.92,0.08695652173913043,23,21,2,2
A0_pose_average,42,2,balanced,0.175,15.0,True,0.8125,0.8043478260869565,1.0,0.6086956521739131,0.7352941176470589,0.847457627118644,0.9328358208955224,0.391304347826087,25,14,9,0
A0_pose_average,42,2,sensitivity,0.2,15.0,True,0.8125,0.8043478260869565,1.0,0.6086956521739131,0.7352941176470589,0.847457627118644,0.9328358208955224,0.391304347826087,25,14,9,0
A0_pose_average,42,3,fixed,0.5,19.0,,0.9534883720930233,0.9545454545454546,1.0,0.9090909090909091,0.9130434782608695,0.9545454545454546,0.9813084112149533,0.09090909090909091,21,20,2,0
A0_pose_average,42,3,balanced,0.27499999999999997,19.0,False,0.9534883720930233,0.9545454545454546,1.0,0.9090909090909091,0.9130434782608695,0.9545454545454546,0.9813084112149533,0.09090909090909091,21,20,2,0
A0_pose_average,42,3,sensitivity,0.27499999999999997,19.0,False,0.9534883720930233,0.9545454545454546,1.0,0.9090909090909091,0.9130434782608695,0.9545454545454546,0.9813084112149533,0.09090909090909091,21,20,2,0
A0_pose_average,42,4,fixed,0.5,20.0,,0.8378378378378378,0.85,1.0,0.7,0.7391304347826086,0.85,0.9340659340659341,0.3,17,14,6,0
A0_pose_average,42,4,balanced,0.49999999999999994,20.0,False,0.8378378378378378,0.85,1.0,0.7,0.7391304347826086,0.85,0.9340659340659341,0.3,17,14,6,0
A0_pose_average,42,4,sensitivity,0.32499999999999996,20.0,True,0.8378378378378378,0.85,1.0,0.7,0.7391304347826086,0.85,0.9340659340659341,0.3,17,14,6,0
A1_motion_average,142,1,fixed,0.5,19.0,,0.90625,0.90625,1.0,0.8125,0.8421052631578947,0.9142857142857143,0.963855421686747,0.1875,16,13,3,0
A1_motion_average,142,1,balanced,0.35,19.0,False,0.90625,0.90625,1.0,0.8125,0.8421052631578947,0.9142857142857143,0.963855421686747,0.1875,16,13,3,0
A1_motion_average,142,1,sensitivity,0.25,19.0,True,0.90625,0.90625,1.0,0.8125,0.8421052631578947,0.9142857142857143,0.963855421686747,0.1875,16,13,3,0
A1_motion_average,142,2,fixed,0.5,6.0,,0.9166666666666666,0.9130434782608696,1.0,0.8260869565217391,0.8620689655172413,0.9259259259259259,0.9689922480620154,0.17391304347826086,25,19,4,0
A1_motion_average,142,2,balanced,0.39999999999999997,6.0,False,0.875,0.8695652173913043,1.0,0.7391304347826086,0.8064516129032258,0.8928571428571429,0.9541984732824428,0.2608695652173913,25,17,6,0
A1_motion_average,142,2,sensitivity,0.32499999999999996,6.0,False,0.8541666666666666,0.8478260869565217,1.0,0.6956521739130435,0.78125,0.8771929824561403,0.946969696969697,0.30434782608695654,25,16,7,0
A1_motion_average,142,3,fixed,0.5,13.0,,0.9069767441860465,0.9069264069264069,0.9047619047619048,0.9090909090909091,0.9047619047619048,0.9047619047619048,0.9047619047619048,0.09090909090909091,19,20,2,2
A1_motion_average,142,3,balanced,0.32499999999999996,13.0,False,0.9069767441860465,0.9069264069264069,0.9047619047619048,0.9090909090909091,0.9047619047619048,0.9047619047619048,0.9047619047619048,0.09090909090909091,19,20,2,2
A1_motion_average,142,3,sensitivity,0.25,13.0,False,0.9302325581395349,0.9307359307359306,0.9523809523809523,0.9090909090909091,0.9090909090909091,0.9302325581395349,0.9433962264150944,0.09090909090909091,20,20,2,1
A1_motion_average,142,4,fixed,0.5,11.0,,0.8108108108108109,0.8117647058823529,0.8235294117647058,0.8,0.7777777777777778,0.8,0.813953488372093,0.2,14,16,4,3
A1_motion_average,142,4,balanced,0.7,11.0,False,0.8108108108108109,0.8073529411764706,0.7647058823529411,0.85,0.8125,0.7878787878787878,0.7738095238095238,0.15,13,17,3,4
A1_motion_average,142,4,sensitivity,0.525,11.0,True,0.7837837837837838,0.7823529411764706,0.7647058823529411,0.8,0.7647058823529411,0.7647058823529411,0.7647058823529411,0.2,13,16,4,4
A1_motion_average,242,1,fixed,0.5,19.0,,0.875,0.875,0.9375,0.8125,0.8333333333333334,0.8823529411764706,0.9146341463414634,0.1875,15,13,3,1
A1_motion_average,242,1,balanced,0.7,19.0,False,0.96875,0.96875,0.9375,1.0,1.0,0.967741935483871,0.9493670886075949,0.0,15,16,0,1
A1_motion_average,242,1,sensitivity,0.5499999999999999,19.0,True,0.9375,0.9375,0.9375,0.9375,0.9375,0.9375,0.9375,0.0625,15,15,1,1
A1_motion_average,242,2,fixed,0.5,10.0,,0.9166666666666666,0.9182608695652175,0.88,0.9565217391304348,0.9565217391304348,0.9166666666666666,0.8943089430894309,0.043478260869565216,22,22,1,3
A1_motion_average,242,2,balanced,0.35,10.0,True,0.9166666666666666,0.9165217391304348,0.92,0.9130434782608695,0.92,0.92,0.92,0.08695652173913043,23,21,2,2
A1_motion_average,242,2,sensitivity,0.35,10.0,True,0.9166666666666666,0.9165217391304348,0.92,0.9130434782608695,0.92,0.92,0.92,0.08695652173913043,23,21,2,2
A1_motion_average,242,3,fixed,0.5,32.0,,0.9069767441860465,0.9080086580086579,0.9523809523809523,0.8636363636363636,0.8695652173913043,0.9090909090909091,0.9345794392523364,0.13636363636363635,20,19,3,1
A1_motion_average,242,3,balanced,0.44999999999999996,32.0,False,0.9069767441860465,0.9080086580086579,0.9523809523809523,0.8636363636363636,0.8695652173913043,0.9090909090909091,0.9345794392523364,0.13636363636363635,20,19,3,1
A1_motion_average,242,3,sensitivity,0.2,32.0,True,0.9302325581395349,0.9318181818181819,1.0,0.8636363636363636,0.875,0.9333333333333333,0.9722222222222222,0.13636363636363635,21,19,3,0
A1_motion_average,242,4,fixed,0.5,12.0,,0.8378378378378378,0.8411764705882353,0.8823529411764706,0.8,0.7894736842105263,0.8333333333333334,0.8620689655172413,0.2,15,16,4,2
A1_motion_average,242,4,balanced,0.39999999999999997,12.0,True,0.8108108108108109,0.8205882352941176,0.9411764705882353,0.7,0.7272727272727273,0.8205128205128205,0.8888888888888888,0.3,16,14,6,1
A1_motion_average,242,4,sensitivity,0.39999999999999997,12.0,True,0.8108108108108109,0.8205882352941176,0.9411764705882353,0.7,0.7272727272727273,0.8205128205128205,0.8888888888888888,0.3,16,14,6,1
A1_motion_average,42,1,fixed,0.5,11.0,,0.96875,0.96875,0.9375,1.0,1.0,0.967741935483871,0.9493670886075949,0.0,15,16,0,1
A1_motion_average,42,1,balanced,0.22499999999999998,11.0,True,0.90625,0.90625,1.0,0.8125,0.8421052631578947,0.9142857142857143,0.963855421686747,0.1875,16,13,3,0
A1_motion_average,42,1,sensitivity,0.22499999999999998,11.0,True,0.90625,0.90625,1.0,0.8125,0.8421052631578947,0.9142857142857143,0.963855421686747,0.1875,16,13,3,0
A1_motion_average,42,2,fixed,0.5,15.0,,0.9375,0.9382608695652175,0.92,0.9565217391304348,0.9583333333333334,0.9387755102040817,0.9274193548387096,0.043478260869565216,23,22,1,2
A1_motion_average,42,2,balanced,0.475,15.0,False,0.9375,0.9382608695652175,0.92,0.9565217391304348,0.9583333333333334,0.9387755102040817,0.9274193548387096,0.043478260869565216,23,22,1,2
A1_motion_average,42,2,sensitivity,0.25,15.0,False,0.9375,0.9365217391304348,0.96,0.9130434782608695,0.9230769230769231,0.9411764705882353,0.9523809523809523,0.08695652173913043,24,21,2,1
A1_motion_average,42,3,fixed,0.5,12.0,,0.8837209302325582,0.8831168831168831,0.8571428571428571,0.9090909090909091,0.9,0.8780487804878049,0.8653846153846154,0.09090909090909091,18,20,2,3
A1_motion_average,42,3,balanced,0.37499999999999994,12.0,False,0.8837209302325582,0.8831168831168831,0.8571428571428571,0.9090909090909091,0.9,0.8780487804878049,0.8653846153846154,0.09090909090909091,18,20,2,3
A1_motion_average,42,3,sensitivity,0.27499999999999997,12.0,True,0.9069767441860465,0.9080086580086579,0.9523809523809523,0.8636363636363636,0.8695652173913043,0.9090909090909091,0.9345794392523364,0.13636363636363635,20,19,3,1
A1_motion_average,42,4,fixed,0.5,17.0,,0.8378378378378378,0.8367647058823529,0.8235294117647058,0.85,0.8235294117647058,0.8235294117647058,0.8235294117647058,0.15,14,17,3,3
A1_motion_average,42,4,balanced,0.65,17.0,True,0.8378378378378378,0.8367647058823529,0.8235294117647058,0.85,0.8235294117647058,0.8235294117647058,0.8235294117647058,0.15,14,17,3,3
A1_motion_average,42,4,sensitivity,0.65,17.0,True,0.8378378378378378,0.8367647058823529,0.8235294117647058,0.85,0.8235294117647058,0.8235294117647058,0.8235294117647058,0.15,14,17,3,3
A2_pose_attention,142,1,fixed,0.5,8.0,,0.875,0.875,0.9375,0.8125,0.8333333333333334,0.8823529411764706,0.9146341463414634,0.1875,15,13,3,1
A2_pose_attention,142,1,balanced,0.125,8.0,False,0.875,0.875,0.9375,0.8125,0.8333333333333334,0.8823529411764706,0.9146341463414634,0.1875,15,13,3,1
A2_pose_attention,142,1,sensitivity,0.25,8.0,True,0.875,0.875,0.9375,0.8125,0.8333333333333334,0.8823529411764706,0.9146341463414634,0.1875,15,13,3,1
A2_pose_attention,142,2,fixed,0.5,12.0,,0.8333333333333334,0.8330434782608696,0.84,0.8260869565217391,0.84,0.84,0.84,0.17391304347826086,21,19,4,4
A2_pose_attention,142,2,balanced,0.49999999999999994,12.0,False,0.8333333333333334,0.8330434782608696,0.84,0.8260869565217391,0.84,0.84,0.84,0.17391304347826086,21,19,4,4
A2_pose_attention,142,2,sensitivity,0.37499999999999994,12.0,True,0.8333333333333334,0.8330434782608696,0.84,0.8260869565217391,0.84,0.84,0.84,0.17391304347826086,21,19,4,4
A2_pose_attention,142,3,fixed,0.5,8.0,,0.9767441860465116,0.9772727272727273,1.0,0.9545454545454546,0.9545454545454546,0.9767441860465116,0.9905660377358491,0.045454545454545456,21,21,1,0
A2_pose_attention,142,3,balanced,0.44999999999999996,8.0,False,0.9767441860465116,0.9772727272727273,1.0,0.9545454545454546,0.9545454545454546,0.9767441860465116,0.9905660377358491,0.045454545454545456,21,21,1,0
A2_pose_attention,142,3,sensitivity,0.125,8.0,False,0.9767441860465116,0.9772727272727273,1.0,0.9545454545454546,0.9545454545454546,0.9767441860465116,0.9905660377358491,0.045454545454545456,21,21,1,0
A2_pose_attention,142,4,fixed,0.5,16.0,,0.8378378378378378,0.85,1.0,0.7,0.7391304347826086,0.85,0.9340659340659341,0.3,17,14,6,0
A2_pose_attention,142,4,balanced,0.6,16.0,False,0.8378378378378378,0.85,1.0,0.7,0.7391304347826086,0.85,0.9340659340659341,0.3,17,14,6,0
A2_pose_attention,142,4,sensitivity,0.44999999999999996,16.0,True,0.8378378378378378,0.85,1.0,0.7,0.7391304347826086,0.85,0.9340659340659341,0.3,17,14,6,0
A2_pose_attention,242,1,fixed,0.5,6.0,,0.875,0.875,0.9375,0.8125,0.8333333333333334,0.8823529411764706,0.9146341463414634,0.1875,15,13,3,1
A2_pose_attention,242,1,balanced,0.44999999999999996,6.0,False,0.875,0.875,0.9375,0.8125,0.8333333333333334,0.8823529411764706,0.9146341463414634,0.1875,15,13,3,1
A2_pose_attention,242,1,sensitivity,0.25,6.0,True,0.875,0.875,0.9375,0.8125,0.8333333333333334,0.8823529411764706,0.9146341463414634,0.1875,15,13,3,1
A2_pose_attention,242,2,fixed,0.5,9.0,,0.8333333333333334,0.8330434782608696,0.84,0.8260869565217391,0.84,0.84,0.84,0.17391304347826086,21,19,4,4
A2_pose_attention,242,2,balanced,0.475,9.0,False,0.8333333333333334,0.8330434782608696,0.84,0.8260869565217391,0.84,0.84,0.84,0.17391304347826086,21,19,4,4
A2_pose_attention,242,2,sensitivity,0.32499999999999996,9.0,False,0.8333333333333334,0.831304347826087,0.88,0.782608695652174,0.8148148148148148,0.8461538461538461,0.8661417322834646,0.21739130434782608,22,18,5,3
A2_pose_attention,242,3,fixed,0.5,10.0,,0.9302325581395349,0.9307359307359306,0.9523809523809523,0.9090909090909091,0.9090909090909091,0.9302325581395349,0.9433962264150944,0.09090909090909091,20,20,2,1
A2_pose_attention,242,3,balanced,0.32499999999999996,10.0,False,0.9534883720930233,0.9545454545454546,1.0,0.9090909090909091,0.9130434782608695,0.9545454545454546,0.9813084112149533,0.09090909090909091,21,20,2,0
A2_pose_attention,242,3,sensitivity,0.15,10.0,False,0.9302325581395349,0.9318181818181819,1.0,0.8636363636363636,0.875,0.9333333333333333,0.9722222222222222,0.13636363636363635,21,19,3,0
A2_pose_attention,242,4,fixed,0.5,11.0,,0.8378378378378378,0.85,1.0,0.7,0.7391304347826086,0.85,0.9340659340659341,0.3,17,14,6,0
A2_pose_attention,242,4,balanced,0.42499999999999993,11.0,True,0.8378378378378378,0.85,1.0,0.7,0.7391304347826086,0.85,0.9340659340659341,0.3,17,14,6,0
A2_pose_attention,242,4,sensitivity,0.42499999999999993,11.0,True,0.8378378378378378,0.85,1.0,0.7,0.7391304347826086,0.85,0.9340659340659341,0.3,17,14,6,0
A2_pose_attention,42,1,fixed,0.5,11.0,,0.875,0.875,0.9375,0.8125,0.8333333333333334,0.8823529411764706,0.9146341463414634,0.1875,15,13,3,1
A2_pose_attention,42,1,balanced,0.42499999999999993,11.0,True,0.875,0.875,0.9375,0.8125,0.8333333333333334,0.8823529411764706,0.9146341463414634,0.1875,15,13,3,1
A2_pose_attention,42,1,sensitivity,0.42499999999999993,11.0,True,0.875,0.875,0.9375,0.8125,0.8333333333333334,0.8823529411764706,0.9146341463414634,0.1875,15,13,3,1
A2_pose_attention,42,2,fixed,0.5,9.0,,0.875,0.8730434782608696,0.92,0.8260869565217391,0.8518518518518519,0.8846153846153846,0.905511811023622,0.17391304347826086,23,19,4,2
A2_pose_attention,42,2,balanced,0.27499999999999997,9.0,True,0.8541666666666666,0.851304347826087,0.92,0.782608695652174,0.8214285714285714,0.8679245283018868,0.8984375,0.21739130434782608,23,18,5,2
A2_pose_attention,42,2,sensitivity,0.27499999999999997,9.0,True,0.8541666666666666,0.851304347826087,0.92,0.782608695652174,0.8214285714285714,0.8679245283018868,0.8984375,0.21739130434782608,23,18,5,2
A2_pose_attention,42,3,fixed,0.5,19.0,,0.9302325581395349,0.9296536796536796,0.9047619047619048,0.9545454545454546,0.95,0.926829268292683,0.9134615384615384,0.045454545454545456,19,21,1,2
A2_pose_attention,42,3,balanced,0.15,19.0,False,0.9767441860465116,0.9772727272727273,1.0,0.9545454545454546,0.9545454545454546,0.9767441860465116,0.9905660377358491,0.045454545454545456,21,21,1,0
A2_pose_attention,42,3,sensitivity,0.15,19.0,False,0.9767441860465116,0.9772727272727273,1.0,0.9545454545454546,0.9545454545454546,0.9767441860465116,0.9905660377358491,0.045454545454545456,21,21,1,0
A2_pose_attention,42,4,fixed,0.5,10.0,,0.8378378378378378,0.85,1.0,0.7,0.7391304347826086,0.85,0.9340659340659341,0.3,17,14,6,0
A2_pose_attention,42,4,balanced,0.44999999999999996,10.0,True,0.8378378378378378,0.85,1.0,0.7,0.7391304347826086,0.85,0.9340659340659341,0.3,17,14,6,0
A2_pose_attention,42,4,sensitivity,0.44999999999999996,10.0,True,0.8378378378378378,0.85,1.0,0.7,0.7391304347826086,0.85,0.9340659340659341,0.3,17,14,6,0
A3_cost_225,142,1,fixed,0.5,10.0,,0.90625,0.90625,1.0,0.8125,0.8421052631578947,0.9142857142857143,0.963855421686747,0.1875,16,13,3,0
A3_cost_225,142,1,balanced,0.39999999999999997,10.0,True,0.90625,0.90625,1.0,0.8125,0.8421052631578947,0.9142857142857143,0.963855421686747,0.1875,16,13,3,0
A3_cost_225,142,1,sensitivity,0.39999999999999997,10.0,True,0.90625,0.90625,1.0,0.8125,0.8421052631578947,0.9142857142857143,0.963855421686747,0.1875,16,13,3,0
A3_cost_225,142,2,fixed,0.5,6.0,,0.9166666666666666,0.9130434782608696,1.0,0.8260869565217391,0.8620689655172413,0.9259259259259259,0.9689922480620154,0.17391304347826086,25,19,4,0
A3_cost_225,142,2,balanced,0.37499999999999994,6.0,False,0.8958333333333334,0.8913043478260869,1.0,0.782608695652174,0.8333333333333334,0.9090909090909091,0.9615384615384616,0.21739130434782608,25,18,5,0
A3_cost_225,142,2,sensitivity,0.27499999999999997,6.0,True,0.875,0.8695652173913043,1.0,0.7391304347826086,0.8064516129032258,0.8928571428571429,0.9541984732824428,0.2608695652173913,25,17,6,0
A3_cost_225,142,3,fixed,0.5,7.0,,0.8837209302325582,0.8863636363636364,1.0,0.7727272727272727,0.8076923076923077,0.8936170212765957,0.9545454545454546,0.22727272727272727,21,17,5,0
A3_cost_225,142,3,balanced,0.475,7.0,False,0.8837209302325582,0.8863636363636364,1.0,0.7727272727272727,0.8076923076923077,0.8936170212765957,0.9545454545454546,0.22727272727272727,21,17,5,0
A3_cost_225,142,3,sensitivity,0.2,7.0,False,0.7441860465116279,0.75,1.0,0.5,0.65625,0.7924528301886793,0.9051724137931034,0.5,21,11,11,0
A3_cost_225,142,4,fixed,0.5,11.0,,0.8648648648648649,0.861764705882353,0.8235294117647058,0.9,0.875,0.8484848484848485,0.8333333333333334,0.1,14,18,2,3
A3_cost_225,142,4,balanced,0.725,11.0,True,0.8378378378378378,0.8323529411764705,0.7647058823529411,0.9,0.8666666666666667,0.8125,0.7831325301204819,0.1,13,18,2,4
A3_cost_225,142,4,sensitivity,0.725,11.0,True,0.8378378378378378,0.8323529411764705,0.7647058823529411,0.9,0.8666666666666667,0.8125,0.7831325301204819,0.1,13,18,2,4
A3_cost_225,242,1,fixed,0.5,8.0,,0.90625,0.90625,1.0,0.8125,0.8421052631578947,0.9142857142857143,0.963855421686747,0.1875,16,13,3,0
A3_cost_225,242,1,balanced,0.35,8.0,True,0.90625,0.90625,1.0,0.8125,0.8421052631578947,0.9142857142857143,0.963855421686747,0.1875,16,13,3,0
A3_cost_225,242,1,sensitivity,0.35,8.0,True,0.90625,0.90625,1.0,0.8125,0.8421052631578947,0.9142857142857143,0.963855421686747,0.1875,16,13,3,0
A3_cost_225,242,2,fixed,0.5,8.0,,0.875,0.8695652173913043,1.0,0.7391304347826086,0.8064516129032258,0.8928571428571429,0.9541984732824428,0.2608695652173913,25,17,6,0
A3_cost_225,242,2,balanced,0.3,8.0,True,0.8125,0.8043478260869565,1.0,0.6086956521739131,0.7352941176470589,0.847457627118644,0.9328358208955224,0.391304347826087,25,14,9,0
A3_cost_225,242,2,sensitivity,0.3,8.0,True,0.8125,0.8043478260869565,1.0,0.6086956521739131,0.7352941176470589,0.847457627118644,0.9328358208955224,0.391304347826087,25,14,9,0
A3_cost_225,242,3,fixed,0.5,20.0,,0.9302325581395349,0.9307359307359306,0.9523809523809523,0.9090909090909091,0.9090909090909091,0.9302325581395349,0.9433962264150944,0.09090909090909091,20,20,2,1
A3_cost_225,242,3,balanced,0.825,20.0,False,0.9302325581395349,0.9307359307359306,0.9523809523809523,0.9090909090909091,0.9090909090909091,0.9302325581395349,0.9433962264150944,0.09090909090909091,20,20,2,1
A3_cost_225,242,3,sensitivity,0.25,20.0,False,0.9302325581395349,0.9318181818181819,1.0,0.8636363636363636,0.875,0.9333333333333333,0.9722222222222222,0.13636363636363635,21,19,3,0
A3_cost_225,242,4,fixed,0.5,13.0,,0.8648648648648649,0.8705882352941177,0.9411764705882353,0.8,0.8,0.8648648648648649,0.9090909090909091,0.2,16,16,4,1
A3_cost_225,242,4,balanced,0.675,13.0,True,0.8378378378378378,0.8411764705882353,0.8823529411764706,0.8,0.7894736842105263,0.8333333333333334,0.8620689655172413,0.2,15,16,4,2
A3_cost_225,242,4,sensitivity,0.675,13.0,True,0.8378378378378378,0.8411764705882353,0.8823529411764706,0.8,0.7894736842105263,0.8333333333333334,0.8620689655172413,0.2,15,16,4,2
A3_cost_225,42,1,fixed,0.5,13.0,,0.8125,0.8125,1.0,0.625,0.7272727272727273,0.8421052631578947,0.9302325581395349,0.375,16,10,6,0
A3_cost_225,42,1,balanced,0.85,13.0,False,0.90625,0.90625,0.9375,0.875,0.8823529411764706,0.9090909090909091,0.9259259259259259,0.125,15,14,2,1
A3_cost_225,42,1,sensitivity,0.42499999999999993,13.0,True,0.78125,0.78125,1.0,0.5625,0.6956521739130435,0.8205128205128205,0.9195402298850575,0.4375,16,9,7,0
A3_cost_225,42,2,fixed,0.5,6.0,,0.9166666666666666,0.9165217391304348,0.92,0.9130434782608695,0.92,0.92,0.92,0.08695652173913043,23,21,2,2
A3_cost_225,42,2,balanced,0.525,6.0,False,0.9166666666666666,0.9165217391304348,0.92,0.9130434782608695,0.92,0.92,0.92,0.08695652173913043,23,21,2,2
A3_cost_225,42,2,sensitivity,0.37499999999999994,6.0,True,0.9166666666666666,0.9147826086956521,0.96,0.8695652173913043,0.8888888888888888,0.9230769230769231,0.9448818897637795,0.13043478260869565,24,20,3,1
A3_cost_225,42,3,fixed,0.5,6.0,,0.9534883720930233,0.9545454545454546,1.0,0.9090909090909091,0.9130434782608695,0.9545454545454546,0.9813084112149533,0.09090909090909091,21,20,2,0
A3_cost_225,42,3,balanced,0.39999999999999997,6.0,True,0.9069767441860465,0.9090909090909092,1.0,0.8181818181818182,0.84,0.9130434782608695,0.963302752293578,0.18181818181818182,21,18,4,0
A3_cost_225,42,3,sensitivity,0.39999999999999997,6.0,True,0.9069767441860465,0.9090909090909092,1.0,0.8181818181818182,0.84,0.9130434782608695,0.963302752293578,0.18181818181818182,21,18,4,0
A3_cost_225,42,4,fixed,0.5,21.0,,0.8918918918918919,0.8955882352941176,0.9411764705882353,0.85,0.8421052631578947,0.8888888888888888,0.9195402298850575,0.15,16,17,3,1
A3_cost_225,42,4,balanced,0.85,21.0,False,0.8108108108108109,0.8073529411764706,0.7647058823529411,0.85,0.8125,0.7878787878787878,0.7738095238095238,0.15,13,17,3,4
A3_cost_225,42,4,sensitivity,0.6,21.0,True,0.8648648648648649,0.8661764705882353,0.8823529411764706,0.85,0.8333333333333334,0.8571428571428571,0.872093023255814,0.15,15,17,3,2
A3_motion_attention,142,1,fixed,0.5,21.0,,0.90625,0.90625,0.9375,0.875,0.8823529411764706,0.9090909090909091,0.9259259259259259,0.125,15,14,2,1
A3_motion_attention,142,1,balanced,0.2,21.0,True,0.9375,0.9375,1.0,0.875,0.8888888888888888,0.9411764705882353,0.975609756097561,0.125,16,14,2,0
A3_motion_attention,142,1,sensitivity,0.2,21.0,True,0.9375,0.9375,1.0,0.875,0.8888888888888888,0.9411764705882353,0.975609756097561,0.125,16,14,2,0
A3_motion_attention,142,2,fixed,0.5,6.0,,0.9166666666666666,0.9165217391304348,0.92,0.9130434782608695,0.92,0.92,0.92,0.08695652173913043,23,21,2,2
A3_motion_attention,142,2,balanced,0.25,6.0,False,0.9166666666666666,0.9130434782608696,1.0,0.8260869565217391,0.8620689655172413,0.9259259259259259,0.9689922480620154,0.17391304347826086,25,19,4,0
A3_motion_attention,142,2,sensitivity,0.2,6.0,True,0.9166666666666666,0.9130434782608696,1.0,0.8260869565217391,0.8620689655172413,0.9259259259259259,0.9689922480620154,0.17391304347826086,25,19,4,0
A3_motion_attention,142,3,fixed,0.5,18.0,,0.8837209302325582,0.8841991341991342,0.9047619047619048,0.8636363636363636,0.8636363636363636,0.8837209302325582,0.8962264150943396,0.13636363636363635,19,19,3,2
A3_motion_attention,142,3,balanced,0.22499999999999998,18.0,True,0.8837209302325582,0.8863636363636364,1.0,0.7727272727272727,0.8076923076923077,0.8936170212765957,0.9545454545454546,0.22727272727272727,21,17,5,0
A3_motion_attention,142,3,sensitivity,0.27499999999999997,18.0,True,0.8837209302325582,0.8863636363636364,1.0,0.7727272727272727,0.8076923076923077,0.8936170212765957,0.9545454545454546,0.22727272727272727,21,17,5,0
A3_motion_attention,142,4,fixed,0.5,11.0,,0.8648648648648649,0.861764705882353,0.8235294117647058,0.9,0.875,0.8484848484848485,0.8333333333333334,0.1,14,18,2,3
A3_motion_attention,142,4,balanced,0.525,11.0,True,0.8378378378378378,0.8323529411764705,0.7647058823529411,0.9,0.8666666666666667,0.8125,0.7831325301204819,0.1,13,18,2,4
A3_motion_attention,142,4,sensitivity,0.525,11.0,True,0.8378378378378378,0.8323529411764705,0.7647058823529411,0.9,0.8666666666666667,0.8125,0.7831325301204819,0.1,13,18,2,4
A3_motion_attention,242,1,fixed,0.5,6.0,,0.90625,0.90625,1.0,0.8125,0.8421052631578947,0.9142857142857143,0.963855421686747,0.1875,16,13,3,0
A3_motion_attention,242,1,balanced,0.42499999999999993,6.0,True,0.90625,0.90625,1.0,0.8125,0.8421052631578947,0.9142857142857143,0.963855421686747,0.1875,16,13,3,0
A3_motion_attention,242,1,sensitivity,0.42499999999999993,6.0,True,0.90625,0.90625,1.0,0.8125,0.8421052631578947,0.9142857142857143,0.963855421686747,0.1875,16,13,3,0
A3_motion_attention,242,2,fixed,0.5,8.0,,0.8333333333333334,0.8260869565217391,1.0,0.6521739130434783,0.7575757575757576,0.8620689655172413,0.9398496240601504,0.34782608695652173,25,15,8,0
A3_motion_attention,242,2,balanced,0.25,8.0,False,0.7916666666666666,0.7826086956521738,1.0,0.5652173913043478,0.7142857142857143,0.8333333333333334,0.9259259259259259,0.43478260869565216,25,13,10,0
A3_motion_attention,242,2,sensitivity,0.27499999999999997,8.0,True,0.8125,0.8043478260869565,1.0,0.6086956521739131,0.7352941176470589,0.847457627118644,0.9328358208955224,0.391304347826087,25,14,9,0
A3_motion_attention,242,3,fixed,0.5,6.0,,0.8604651162790697,0.8582251082251082,0.7619047619047619,0.9545454545454546,0.9411764705882353,0.8421052631578947,0.7920792079207921,0.045454545454545456,16,21,1,5
A3_motion_attention,242,3,balanced,0.42499999999999993,6.0,False,0.8372093023255814,0.8354978354978355,0.7619047619047619,0.9090909090909091,0.8888888888888888,0.8205128205128205,0.7843137254901961,0.09090909090909091,16,20,2,5
A3_motion_attention,242,3,sensitivity,0.3,6.0,True,0.8837209302325582,0.8831168831168831,0.8571428571428571,0.9090909090909091,0.9,0.8780487804878049,0.8653846153846154,0.09090909090909091,18,20,2,3
A3_motion_attention,242,4,fixed,0.5,30.0,,0.8648648648648649,0.861764705882353,0.8235294117647058,0.9,0.875,0.8484848484848485,0.8333333333333334,0.1,14,18,2,3
A3_motion_attention,242,4,balanced,0.625,30.0,True,0.8918918918918919,0.8867647058823529,0.8235294117647058,0.95,0.9333333333333333,0.875,0.8433734939759037,0.05,14,19,1,3
A3_motion_attention,242,4,sensitivity,0.625,30.0,True,0.8918918918918919,0.8867647058823529,0.8235294117647058,0.95,0.9333333333333333,0.875,0.8433734939759037,0.05,14,19,1,3
A3_motion_attention,42,1,fixed,0.5,11.0,,0.9375,0.9375,1.0,0.875,0.8888888888888888,0.9411764705882353,0.975609756097561,0.125,16,14,2,0
A3_motion_attention,42,1,balanced,0.625,11.0,False,1.0,1.0,1.0,1.0,1.0,1.0,1.0,0.0,16,16,0,0
A3_motion_attention,42,1,sensitivity,0.32499999999999996,11.0,True,0.90625,0.90625,1.0,0.8125,0.8421052631578947,0.9142857142857143,0.963855421686747,0.1875,16,13,3,0
A3_motion_attention,42,2,fixed,0.5,17.0,,0.9583333333333334,0.96,0.92,1.0,1.0,0.9583333333333334,0.9349593495934959,0.0,23,23,0,2
A3_motion_attention,42,2,balanced,0.2,17.0,True,0.8541666666666666,0.851304347826087,0.92,0.782608695652174,0.8214285714285714,0.8679245283018868,0.8984375,0.21739130434782608,23,18,5,2
A3_motion_attention,42,2,sensitivity,0.2,17.0,True,0.8541666666666666,0.851304347826087,0.92,0.782608695652174,0.8214285714285714,0.8679245283018868,0.8984375,0.21739130434782608,23,18,5,2
A3_motion_attention,42,3,fixed,0.5,12.0,,0.9534883720930233,0.9534632034632035,0.9523809523809523,0.9545454545454546,0.9523809523809523,0.9523809523809523,0.9523809523809523,0.045454545454545456,20,21,1,1
A3_motion_attention,42,3,balanced,0.525,12.0,False,0.9534883720930233,0.9534632034632035,0.9523809523809523,0.9545454545454546,0.9523809523809523,0.9523809523809523,0.9523809523809523,0.045454545454545456,20,21,1,1
A3_motion_attention,42,3,sensitivity,0.2,12.0,True,0.9069767441860465,0.9080086580086579,0.9523809523809523,0.8636363636363636,0.8695652173913043,0.9090909090909091,0.9345794392523364,0.13636363636363635,20,19,3,1
A3_motion_attention,42,4,fixed,0.5,15.0,,0.8648648648648649,0.875,1.0,0.75,0.7727272727272727,0.8717948717948718,0.9444444444444444,0.25,17,15,5,0
A3_motion_attention,42,4,balanced,0.575,15.0,False,0.8108108108108109,0.8161764705882353,0.8823529411764706,0.75,0.75,0.8108108108108109,0.8522727272727273,0.25,15,15,5,2
A3_motion_attention,42,4,sensitivity,0.49999999999999994,15.0,True,0.8648648648648649,0.875,1.0,0.75,0.7727272727272727,0.8717948717948718,0.9444444444444444,0.25,17,15,5,0
SVM_v2,0,1,fixed,0.0,,,0.90625,0.90625,1.0,0.8125,0.8421052631578947,0.9142857142857143,0.963855421686747,0.1875,16,13,3,0
SVM_v2,0,1,balanced,0.0,,False,0.90625,0.90625,1.0,0.8125,0.8421052631578947,0.9142857142857143,0.963855421686747,0.1875,16,13,3,0
SVM_v2,0,1,sensitivity,-0.263783303339003,,False,0.90625,0.90625,1.0,0.8125,0.8421052631578947,0.9142857142857143,0.963855421686747,0.1875,16,13,3,0
SVM_v2,0,2,fixed,0.0,,,0.875,0.8730434782608696,0.92,0.8260869565217391,0.8518518518518519,0.8846153846153846,0.905511811023622,0.17391304347826086,23,19,4,2
SVM_v2,0,2,balanced,0.04186369705644935,,False,0.875,0.8747826086956522,0.88,0.8695652173913043,0.88,0.88,0.88,0.13043478260869565,22,20,3,3
SVM_v2,0,2,sensitivity,-0.5146880191688498,,False,0.8125,0.8043478260869565,1.0,0.6086956521739131,0.7352941176470589,0.847457627118644,0.9328358208955224,0.391304347826087,25,14,9,0
SVM_v2,0,3,fixed,0.0,,,0.8604651162790697,0.8593073593073592,0.8095238095238095,0.9090909090909091,0.8947368421052632,0.85,0.8252427184466019,0.09090909090909091,17,20,2,4
SVM_v2,0,3,balanced,0.11609469776137571,,False,0.8604651162790697,0.8593073593073592,0.8095238095238095,0.9090909090909091,0.8947368421052632,0.85,0.8252427184466019,0.09090909090909091,17,20,2,4
SVM_v2,0,3,sensitivity,-0.5487315359090608,,False,0.8604651162790697,0.8614718614718615,0.9047619047619048,0.8181818181818182,0.8260869565217391,0.8636363636363636,0.8878504672897196,0.18181818181818182,19,18,4,2
SVM_v2,0,4,fixed,0.0,,,0.7567567567567568,0.7617647058823529,0.8235294117647058,0.7,0.7,0.7567567567567568,0.7954545454545454,0.3,14,14,6,3
SVM_v2,0,4,balanced,0.14512213974974153,,False,0.7837837837837838,0.7867647058823529,0.8235294117647058,0.75,0.7368421052631579,0.7777777777777778,0.8045977011494253,0.25,14,15,5,3
SVM_v2,0,4,sensitivity,-0.08538148068092064,,True,0.7567567567567568,0.7661764705882352,0.8823529411764706,0.65,0.6818181818181818,0.7692307692307693,0.8333333333333334,0.35,15,13,7,2
