variant,policy,accuracy_mean,accuracy_std,balanced_accuracy_mean,balanced_accuracy_std,sensitivity_mean,sensitivity_std,specificity_mean,specificity_std,precision_mean,precision_std,f1_mean,f1_std,f2_mean,f2_std,false_alarm_rate_mean,false_alarm_rate_std
A0_pose_average,balanced,0.8416666666666667,0.0308305178894765,0.8421107464708028,0.0316302600275042,0.8776371308016877,0.1015291933798815,0.8065843621399177,0.0467399863851874,0.8171573635491161,0.0207113463144653,0.8437604421455017,0.0409610193755142,0.8630848906272636,0.075781866176278,0.1934156378600822,0.0467399863851874
A0_pose_average,fixed,0.8458333333333333,0.0473242362150022,0.8459655154451217,0.0478889518319665,0.8565400843881856,0.0933052505801518,0.8353909465020576,0.0071277811011064,0.8344613536876372,0.0169739158072984,0.8442471733610976,0.0531401600087812,0.8512984299150537,0.07679478916341,0.1646090534979424,0.0071277811011064
A0_pose_average,sensitivity,0.8520833333333333,0.0190940653956493,0.8531801844038132,0.0194892432344709,0.940928270042194,0.0511576187889542,0.7654320987654321,0.0123456790123456,0.7964150844090053,0.0012831519825192,0.8622437695393966,0.0219155239223794,0.9076665885040254,0.0383241852956845,0.2345679012345679,0.0123456790123456
A1_motion_average,balanced,0.8895833333333334,0.0130104124966633,0.8899567640777205,0.0128645109656092,0.919831223628692,0.019335762425974,0.8600823045267489,0.0310692775114022,0.8657228983547443,0.024573697252725,0.8916796192285633,0.011524626348768,0.9082883697757804,0.0133034572587736,0.139917695473251,0.0310692775114022
A1_motion_average,fixed,0.8937499999999999,0.0108253175473055,0.8939678074699171,0.0104221681083523,0.9113924050632912,0.0253164556962025,0.8765432098765432,0.0445129787094319,0.8796990745802326,0.0367960483375983,0.8945603201335809,0.0076229964998503,0.9044089752918276,0.0127654482198383,0.1234567901234567,0.0445129787094319
A1_motion_average,sensitivity,0.8895833333333334,0.0180421959121757,0.89021722144085,0.0178647361713916,0.940928270042194,0.0073082312555648,0.8395061728395062,0.0326635964328961,0.8516264743445271,0.0258186370968115,0.8939310423973278,0.0157651709854838,0.9215148026351386,0.0096496430991636,0.1604938271604938,0.0326635964328961
A2_pose_attention,balanced,0.88125,0.0062499999999999,0.882038860238579,0.0063297569959811,0.9451476793248944,0.0146164625111297,0.8189300411522633,0.0071277811011065,0.8358448667437433,0.0047607748308546,0.8870991909737947,0.0066257741478655,0.92102758824431,0.0109990669534063,0.1810699588477366,0.0071277811011064
A2_pose_attention,fixed,0.8770833333333333,0.0072168783648702,0.8777673594832526,0.0072180061783356,0.9324894514767932,0.0073082312555648,0.8230452674897119,0.0071277811011065,0.8371212121212123,0.0065607985135184,0.8822355289421159,0.0069143744813128,0.9117161716171616,0.007145424123634,0.176954732510288,0.0071277811011064
A2_pose_attention,sensitivity,0.8791666666666668,0.0095470326978246,0.8800333385424807,0.0094814708557492,0.949367088607595,0.0126582278481012,0.8106995884773663,0.0188583361932339,0.8304304391260913,0.0134843144628803,0.8858460581417145,0.0084687789612325,0.9228733882927244,0.0094848035475299,0.1893004115226337,0.0188583361932339
A3_cost_225,balanced,0.8791666666666668,0.0095470326978246,0.8799291555972287,0.0091404950211041,0.940928270042194,0.0263502025248877,0.8189300411522633,0.0433565998059783,0.8364379503830927,0.0296019765655044,0.8850251900496454,0.0055921477786239,0.9175767425291572,0.0133636274692154,0.1810699588477366,0.0433565998059783
A3_cost_225,fixed,0.8958333333333334,0.0036084391824351,0.8967026097827785,0.0035196454538381,0.9662447257383966,0.0073082312555648,0.8271604938271605,0.0123456790123456,0.8451111834844126,0.0085076483513777,0.9015849947024036,0.0028134698955527,0.9392865490172227,0.0039329084139372,0.1728395061728395,0.0123456790123456
A3_cost_225,sensitivity,0.8604166666666666,0.0200909390854019,0.8616710944418399,0.0199646812582142,0.962025316455696,0.0126582278481012,0.7613168724279835,0.0310692775114022,0.797494503565754,0.0223601963771905,0.8719978858350951,0.0171835019912067,0.9238505629035596,0.0139954140165882,0.2386831275720164,0.0310692775114022
A3_motion_attention,balanced,0.88125,0.0272431183971292,0.8818304943480753,0.0272117621343758,0.9282700421940928,0.0263502025248877,0.8353909465020576,0.0310692775114022,0.8463176388632778,0.0277319035871823,0.8853547679838677,0.0260091663535898,0.9106014629544116,0.0258758840502818,0.1646090534979424,0.0310692775114022
A3_motion_attention,fixed,0.8958333333333334,0.0344223159205381,0.8961296035838933,0.034399930269595,0.919831223628692,0.0365411562778244,0.8724279835390947,0.039685805600794,0.8758520074696546,0.0361690497407469,0.8971502523220626,0.0335165529878772,0.9105838098356802,0.0345899290686464,0.1275720164609053,0.039685805600794
A3_motion_attention,sensitivity,0.88125,0.0124999999999999,0.882038860238579,0.0125032556492186,0.9451476793248944,0.0193357624259739,0.8189300411522633,0.0188583361932338,0.8359683794466403,0.0142254743566086,0.8871146595697494,0.012074213873423,0.92101857244548,0.0152831567711982,0.1810699588477366,0.0188583361932339
SVM_v2,balanced,0.85625,,0.8564619471792467,,0.8734177215189873,,0.8395061728395061,,0.8414634146341463,,0.8571428571428571,,0.8668341708542714,,0.1604938271604938,
SVM_v2,fixed,0.85,,0.8504453820909517,,0.8860759493670886,,0.8148148148148148,,0.8235294117647058,,0.8536585365853658,,0.8728179551122195,,0.1851851851851851,
SVM_v2,sensitivity,0.83125,,0.8327082356618221,,0.9493670886075948,,0.7160493827160493,,0.7653061224489796,,0.847457627118644,,0.9057971014492754,,0.2839506172839506,
