video,repeat,duration_seconds,frames,width,height,total_seconds,pose_setup_seconds,decode_seconds,pose_seconds,resample_seconds,feature_seconds,onnx_seconds,other_seconds,processing_fps,realtime_factor
URFD_adl-01-cam0_RGB.mp4,1,5.0,150,320,240,4.081656299997121,0.16563370008952916,0.058174701407551765,3.5997325987555087,0.0014609000645577908,0.0003659999929368496,0.0037707998417317867,0.2525175998453051,36.74978709013441,0.8163312599994242
URFD_fall-01-cam0_RGB.mp4,1,5.333333333333333,160,320,240,4.626735100056976,0.17767559993080795,0.06524930009618402,4.13813410140574,0.0014722999185323715,0.00035069999285042286,0.003160000080242753,0.24069309863261878,34.581621065366306,0.867512831260683
S1_ADL_04,1,5.8092999999999995,170,1280,720,5.74238309985958,0.20821820013225079,0.41916679800488055,4.467149900039658,0.0014423001557588577,0.0003554997965693474,0.003626100020483136,0.6424243017099798,29.60443374183047,0.9884810734270189
URFD_adl-01-cam0_RGB.mp4,2,5.0,150,320,240,3.6249931000638753,0.15244600013829768,0.05588109930977225,3.2221103988122195,0.0013884000945836306,0.0003391001373529434,0.003172899829223752,0.18965520174242556,41.3793891076253,0.724998620012775
URFD_fall-01-cam0_RGB.mp4,2,5.333333333333333,160,320,240,3.941103999968618,0.1576688999775797,0.05764989834278822,3.5208044985774904,0.0016719999257475138,0.0003871999215334654,0.003697100095450878,0.19922440312802792,40.5977614397575,0.7389569999941159
S1_ADL_04,2,5.8092999999999995,170,1280,720,5.8794230001512915,0.17268530000001192,0.41628430038690567,4.630003001540899,0.0018517998978495598,0.0004336000420153141,0.003752300050109625,0.6544126982335001,28.914401973735433,1.012070817508356
URFD_adl-01-cam0_RGB.mp4,3,5.0,150,320,240,3.8045772998593748,0.1815200001001358,0.05932619981467724,3.3664356004446745,0.0013696998357772827,0.00035830005072057247,0.003419300075620413,0.19214819953776896,39.42619328710822,0.7609154599718749
URFD_fall-01-cam0_RGB.mp4,3,5.333333333333333,160,320,240,3.9767356999218464,0.15559989982284606,0.05922349984757602,3.5589683016296476,0.0015692999586462975,0.0003869000356644392,0.003941499860957265,0.1970462987665087,40.23400398551617,0.7456379437353462
S1_ADL_04,3,5.8092999999999995,170,1280,720,5.104875900084153,0.16064899996854365,0.38071739790029824,3.9914078996516764,0.0016413999255746603,0.0003559000324457884,0.0038672001101076603,0.5662371024955064,33.301495144514206,0.8787419999112033
