epoch,train_weighted_loss,validation_unweighted_loss,inner_subject
1,0.7148258149623871,0.685931688752913,1
2,0.6746361704433665,0.6627799366936162,1
3,0.5831917559399324,0.5901450919663789,1
4,0.5167144656181335,0.5532997149967263,1
5,0.5532238946241491,0.40756556548755046,1
6,0.49070178515770857,0.3516052530353727,1
7,0.4768983220352846,0.3465998932406011,1
8,0.5877739892286413,0.36391997086739003,1
9,0.48091311875511616,0.38812158601272717,1
10,0.4399764607934391,0.381740611821099,1
11,0.4038740757633658,0.4103468992182313,1
12,0.40857967033105735,0.4205544574172082,1
13,0.4037976966184728,0.6890269251315787,1
14,0.46104289643904744,0.3703526428850552,1
15,0.4465785447288962,0.5003407774920658,1
16,0.36636218183180863,0.4001799222676798,1
17,0.32607524991035464,0.31324466253697103,1
18,0.345914725170416,0.4076785411934407,1
19,0.29478750263943393,0.4039244940869302,1
20,0.24723632927326594,0.39510094207898794,1
21,0.32859561793944414,0.42311187401968653,1
22,0.29565283060073855,0.42814366178801244,1
23,0.2525333121418953,0.3569914589098702,1
24,0.19996832591645858,0.3792298192707063,1
25,0.2265436540631687,0.4469351651728457,1
26,0.23756505180807674,0.49642801579159307,1
27,0.2493914477965411,0.6117294084630747,1
1,0.6104695727859718,0.6790021348166357,2
2,0.710202043471129,0.883079925761966,2
3,0.5263806849286177,0.9205812742933562,2
4,0.43845481069191644,0.8745654662510306,2
5,0.4098676045735677,0.8308053971399619,2
6,0.3960345426331396,0.636199552350325,2
7,0.35754737905834033,0.5621426231738451,2
8,0.30857593900915503,0.5408708010866694,2
9,0.28825226728466974,0.577034722142738,2
10,0.2717046063879262,0.6030606277818594,2
11,0.3491779937260393,0.6471941968877543,2
12,0.2688710341850917,0.745313407295587,2
13,0.28885519677314203,0.7654176972830706,2
14,0.2596893124822257,0.6725805306933205,2
15,0.25030366687670996,0.6143459485584947,2
16,0.3071345643720765,0.6128669078899505,2
17,0.28062663993973663,0.7022762258962981,2
18,0.2911432627318562,0.6054414659090926,2
1,0.7521808981895447,0.6208576941034196,4
2,0.5095991373062134,0.654666071985909,4
3,0.4664516508579254,0.7186461334012747,4
4,0.39344245493412017,0.7370273641146117,4
5,0.32678423523902894,0.6034865632090687,4
6,0.27517067492008207,0.6956162277307474,4
7,0.4011296570301056,0.5292281796256132,4
8,0.2750269457697868,0.676120714773613,4
9,0.2579972416162491,0.6826426768399754,4
10,0.2136842802166939,0.6363184140326605,4
11,0.31795695424079895,0.7365759302633276,4
12,0.2904462471604347,0.6165175833192994,4
13,0.22871477603912355,0.5274523647922031,4
14,0.29310528337955477,0.6015058983968027,4
15,0.16272163540124893,0.9176135382760622,4
16,0.24455490410327912,0.8526390481127105,4
17,0.2623354524374008,0.7578928087217012,4
18,0.20162324905395507,0.6315144141073926,4
19,0.24894728064537047,0.5532277344318484,4
20,0.14450584650039672,0.5829027808657887,4
21,0.14229451566934587,0.6860388983031142,4
22,0.14839415550231932,0.6484621266217256,4
23,0.12224714905023575,0.6740494293620296,4
