epoch,train_weighted_loss
1,0.5935962164503896
2,0.5239991438694489
3,0.409698658519321
4,0.39762478480991137
5,0.34704139293768466
6,0.269386108741801
7,0.27378988418823635
8,0.19379324179429275
9,0.1955936118068858
10,0.2026086484010403
11,0.25568271218202054
12,0.20503836004143086
13,0.12695838498254108
14,0.14914655812785158
15,0.23399467014858866
16,0.17275334318351543
17,0.13882176337652227
18,0.16225949076251087
19,0.1939028554365166
20,0.10842486337209359
21,0.15472885583423907
22,0.12229755111675486
23,0.15755599552494848
24,0.2682844110024281
25,0.14535962389065668
26,0.12806371618539858
27,0.23374237820633456
28,0.1515412839432048
29,0.09173781647641435
30,0.07991923754796004
31,0.12158289118709727
32,0.08004915861524323
