variant,seed,policy,accuracy,balanced_accuracy,sensitivity,specificity,precision,f1,f2,false_alarm_rate,tp,tn,fp,fn
A0_pose_average,42,balanced,0.8625,0.863884982028442,0.9746835443037974,0.7530864197530864,0.7938144329896907,0.875,0.9322033898305084,0.24691358024691357,77,61,20,2
A0_pose_average,42,fixed,0.9,0.9007657446476012,0.9620253164556962,0.8395061728395061,0.8539325842696629,0.9047619047619048,0.9382716049382716,0.16049382716049382,76,68,13,3
A0_pose_average,42,sensitivity,0.86875,0.8702140959524927,0.9873417721518988,0.7530864197530864,0.7959183673469388,0.8813559322033898,0.9420289855072463,0.24691358024691357,78,61,20,1
A0_pose_average,142,balanced,0.80625,0.8058290357868416,0.7721518987341772,0.8395061728395061,0.8243243243243243,0.7973856209150327,0.782051282051282,0.16049382716049382,61,68,13,18
A0_pose_average,142,fixed,0.8125,0.8121581497108923,0.7848101265822784,0.8395061728395061,0.8266666666666667,0.8051948051948052,0.7928388746803069,0.16049382716049382,62,68,13,17
A0_pose_average,142,sensitivity,0.83125,0.8319268635724332,0.8860759493670886,0.7777777777777778,0.7954545454545454,0.8383233532934131,0.8663366336633663,0.2222222222222222,70,63,18,9
A0_pose_average,242,balanced,0.85625,0.8566182215971245,0.8860759493670886,0.8271604938271605,0.8333333333333334,0.8588957055214724,0.875,0.1728395061728395,70,67,14,9
A0_pose_average,242,fixed,0.825,0.8249726519768714,0.8227848101265823,0.8271604938271605,0.8227848101265823,0.8227848101265823,0.8227848101265823,0.1728395061728395,65,67,14,14
A0_pose_average,242,sensitivity,0.85625,0.8573995936865135,0.9493670886075949,0.7654320987654321,0.7978723404255319,0.8670520231213873,0.9146341463414634,0.2345679012345679,75,62,19,4
A1_motion_average,42,balanced,0.89375,0.8938115330520393,0.8987341772151899,0.8888888888888888,0.8875,0.8930817610062893,0.8964646464646465,0.1111111111111111,71,72,9,8
A1_motion_average,42,fixed,0.90625,0.9060009376465072,0.8860759493670886,0.9259259259259259,0.9210526315789473,0.9032258064516129,0.8928571428571429,0.07407407407407407,70,75,6,9
A1_motion_average,42,sensitivity,0.9,0.9004531958118456,0.9367088607594937,0.8641975308641975,0.8705882352941177,0.9024390243902439,0.9226932668329177,0.13580246913580246,74,70,11,5
A1_motion_average,142,balanced,0.875,0.8756055633692765,0.9240506329113924,0.8271604938271605,0.8390804597701149,0.8795180722891566,0.9057071960297767,0.1728395061728395,73,67,14,6
A1_motion_average,142,fixed,0.8875,0.8881075167994998,0.9367088607594937,0.8395061728395061,0.8505747126436781,0.891566265060241,0.9181141439205955,0.16049382716049382,74,68,13,5
A1_motion_average,142,sensitivity,0.86875,0.8695889982809815,0.9367088607594937,0.8024691358024691,0.8222222222222222,0.8757396449704142,0.9113300492610837,0.19753086419753085,74,65,16,5
A1_motion_average,242,balanced,0.9,0.9004531958118456,0.9367088607594937,0.8641975308641975,0.8705882352941177,0.9024390243902439,0.9226932668329177,0.13580246913580246,74,70,11,5
A1_motion_average,242,fixed,0.8875,0.8877949679637442,0.9113924050632911,0.8641975308641975,0.8674698795180723,0.8888888888888888,0.9022556390977443,0.13580246913580246,72,70,11,7
A1_motion_average,242,sensitivity,0.9,0.9006094702297234,0.9493670886075949,0.8518518518518519,0.8620689655172413,0.9036144578313253,0.9305210918114144,0.14814814814814814,75,69,12,4
A2_pose_attention,42,balanced,0.8875,0.8884200656352554,0.9620253164556962,0.8148148148148148,0.8351648351648352,0.8941176470588236,0.9336609336609336,0.18518518518518517,76,66,15,3
A2_pose_attention,42,fixed,0.88125,0.8819346772933271,0.9367088607594937,0.8271604938271605,0.8409090909090909,0.8862275449101796,0.9158415841584159,0.1728395061728395,74,67,14,5
A2_pose_attention,42,sensitivity,0.8875,0.8884200656352554,0.9620253164556962,0.8148148148148148,0.8351648351648352,0.8941176470588236,0.9336609336609336,0.18518518518518517,76,66,15,3
A2_pose_attention,142,balanced,0.88125,0.8819346772933271,0.9367088607594937,0.8271604938271605,0.8409090909090909,0.8862275449101796,0.9158415841584159,0.1728395061728395,74,67,14,5
A2_pose_attention,142,fixed,0.88125,0.8819346772933271,0.9367088607594937,0.8271604938271605,0.8409090909090909,0.8862275449101796,0.9158415841584159,0.1728395061728395,74,67,14,5
A2_pose_attention,142,sensitivity,0.88125,0.8819346772933271,0.9367088607594937,0.8271604938271605,0.8409090909090909,0.8862275449101796,0.9158415841584159,0.1728395061728395,74,67,14,5
A2_pose_attention,242,balanced,0.875,0.8757618377871542,0.9367088607594937,0.8148148148148148,0.8314606741573034,0.8809523809523809,0.9135802469135802,0.18518518518518517,74,66,15,5
A2_pose_attention,242,fixed,0.86875,0.8694327238631037,0.9240506329113924,0.8148148148148148,0.8295454545454546,0.874251497005988,0.9034653465346535,0.18518518518518517,73,66,15,6
A2_pose_attention,242,sensitivity,0.86875,0.8697452726988592,0.9493670886075949,0.7901234567901234,0.8152173913043478,0.8771929824561403,0.9191176470588235,0.20987654320987653,75,64,17,4
A3_cost_225,42,balanced,0.8875,0.8877949679637442,0.9113924050632911,0.8641975308641975,0.8674698795180723,0.8888888888888888,0.9022556390977443,0.13580246913580246,72,70,11,7
A3_cost_225,42,fixed,0.9,0.9007657446476012,0.9620253164556962,0.8395061728395061,0.8539325842696629,0.9047619047619048,0.9382716049382716,0.16049382716049382,76,68,13,3
A3_cost_225,42,sensitivity,0.875,0.8760743866229098,0.9620253164556962,0.7901234567901234,0.8172043010752689,0.8837209302325582,0.9290953545232273,0.20987654320987653,76,64,17,3
A3_cost_225,142,balanced,0.88125,0.8820909517112048,0.9493670886075949,0.8148148148148148,0.8333333333333334,0.8875739644970414,0.9236453201970444,0.18518518518518517,75,66,15,4
A3_cost_225,142,fixed,0.89375,0.8945929051414283,0.9620253164556962,0.8271604938271605,0.8444444444444444,0.8994082840236687,0.9359605911330049,0.1728395061728395,76,67,14,3
A3_cost_225,142,sensitivity,0.8375,0.8388810751679949,0.9493670886075949,0.7283950617283951,0.7731958762886598,0.8522727272727273,0.9079903147699758,0.2716049382716049,75,59,22,4
A3_cost_225,242,balanced,0.86875,0.8699015471167371,0.9620253164556962,0.7777777777777778,0.8085106382978723,0.8786127167630058,0.926829268292683,0.2222222222222222,76,63,18,3
A3_cost_225,242,fixed,0.89375,0.8947491795593061,0.9746835443037974,0.8148148148148148,0.8369565217391305,0.9005847953216374,0.9436274509803921,0.18518518518518517,77,66,15,2
A3_cost_225,242,sensitivity,0.86875,0.8700578215346148,0.9746835443037974,0.7654320987654321,0.8020833333333334,0.88,0.9344660194174758,0.2345679012345679,77,62,19,2
A3_motion_attention,42,balanced,0.9,0.9004531958118456,0.9367088607594937,0.8641975308641975,0.8705882352941177,0.9024390243902439,0.9226932668329177,0.13580246913580246,74,70,11,5
A3_motion_attention,42,fixed,0.93125,0.9316299421784654,0.9620253164556962,0.9012345679012346,0.9047619047619048,0.9325153374233128,0.95,0.09876543209876543,76,73,8,3
A3_motion_attention,42,sensitivity,0.88125,0.8822472261290827,0.9620253164556962,0.8024691358024691,0.8260869565217391,0.8888888888888888,0.9313725490196079,0.19753086419753085,76,65,16,3
A3_motion_attention,142,balanced,0.89375,0.8944366307235505,0.9493670886075949,0.8395061728395061,0.8522727272727273,0.8982035928143712,0.9282178217821783,0.16049382716049382,75,68,13,4
A3_motion_attention,142,fixed,0.89375,0.8938115330520393,0.8987341772151899,0.8888888888888888,0.8875,0.8930817610062893,0.8964646464646465,0.1111111111111111,71,72,9,8
A3_motion_attention,142,sensitivity,0.89375,0.8944366307235505,0.9493670886075949,0.8395061728395061,0.8522727272727273,0.8982035928143712,0.9282178217821783,0.16049382716049382,75,68,13,4
A3_motion_attention,242,balanced,0.85,0.8506016565088295,0.8987341772151899,0.8024691358024691,0.8160919540229885,0.8554216867469879,0.8808933002481389,0.19753086419753085,71,65,16,8
A3_motion_attention,242,fixed,0.8625,0.8629473355211752,0.8987341772151899,0.8271604938271605,0.8352941176470589,0.8658536585365854,0.885286783042394,0.1728395061728395,71,67,14,8
A3_motion_attention,242,sensitivity,0.86875,0.8694327238631037,0.9240506329113924,0.8148148148148148,0.8295454545454546,0.874251497005988,0.9034653465346535,0.18518518518518517,73,66,15,6
SVM_v2,0,balanced,0.85625,0.8564619471792467,0.8734177215189873,0.8395061728395061,0.8414634146341463,0.8571428571428571,0.8668341708542714,0.16049382716049382,69,68,13,10
SVM_v2,0,fixed,0.85,0.8504453820909517,0.8860759493670886,0.8148148148148148,0.8235294117647058,0.8536585365853658,0.8728179551122195,0.18518518518518517,70,66,15,9
SVM_v2,0,sensitivity,0.83125,0.8327082356618221,0.9493670886075949,0.7160493827160493,0.7653061224489796,0.847457627118644,0.9057971014492754,0.2839506172839506,75,58,23,4
