sample_index,video_id,subject,label,fall_probability,threshold,prediction,correct,duration_seconds,pose_detection_rate,missing_samples_32,margin_above_threshold,review_status,visual_group,visual_note,source_description
0,S1_ADL_01,1,0,0.75084615,0.4,1,False,8.273533,1.0,0,0.35084614999999997,AI_sampled_frames_review_not_blinded,bed_transition,Từ ngồi chuyển sang nằm nghiêng trên giường.,Sitting on the bed to sleeping right side on the bed. Face towards camera
1,S1_ADL_02,1,0,0.935249,0.4,1,False,6.689533,1.0,0,0.535249,AI_sampled_frames_review_not_blinded,bed_transition,Từ ngồi chuyển sang nằm phía bên còn lại trên giường.,Sitting on the bed to sleeping left side on the bed. Face towards the camera
2,S1_ADL_03,1,0,0.9728967,0.4,1,False,6.689433,1.0,0,0.5728966999999999,AI_sampled_frames_review_not_blinded,bed_transition,Ngồi rồi hạ thân và nằm trên giường.,Sitting on the bed to sleeping left side on the bed. Face towards the ceiling
15,S1_ADL_16,1,0,0.8123635,0.4,1,False,3.5214,1.0,0,0.4123635,AI_sampled_frames_review_not_blinded,bending,"Ngồi ghế, cúi người với tay xuống sàn rồi ngồi thẳng lại.",Picking the mobile phone from the ground while sitting on the chair
32,S2_ADL_01,2,0,0.44031653,0.25,1,False,11.393666,1.0,0,0.19031652999999998,AI_sampled_frames_review_not_blinded,sit_walk,"Ngồi trên giường rồi đứng lên, đi lại và đưa tay gần đầu.",Talking on the mobile phone while sitting on the bed and walking
34,S2_ADL_03,2,0,0.417111,0.25,1,False,11.937333,0.9803371,1,0.167111,AI_sampled_frames_review_not_blinded,bed_transition,"Đi/cúi ở cạnh giường, ngồi rồi nằm trên giường.",Walking; removing dust from the bed using a pillow; and sleeping on the bed
35,S2_ADL_04,2,0,0.55608153,0.25,1,False,7.841533,1.0,0,0.30608153000000005,AI_sampled_frames_review_not_blinded,bending,Cúi gập thân khi đứng rồi đứng thẳng lại.,Yoga: Standing forward bend (Uttanasana)
39,S2_ADL_08,2,0,0.31679618,0.25,1,False,13.6656,1.0,0,0.06679617999999998,AI_sampled_frames_review_not_blinded,bending,Cúi người với tay xuống thấp rồi trở lại tư thế đứng.,Exercising (Stretching thigh and trying to touch the ground:Pyramid Pose)
43,S2_ADL_12,2,0,0.6033355,0.25,1,False,7.6015334,1.0,0,0.3533355,AI_sampled_frames_review_not_blinded,bed_transition,Từ đứng/cúi cạnh giường chuyển sang nằm trên giường.,Going to bed and sleeping (belly facing downwards)
47,S2_ADL_16,2,0,0.49254557,0.25,1,False,11.537467,0.982659,0,0.24254557,AI_sampled_frames_review_not_blinded,bed_transition,"Từ ngồi chuyển sang nằm trên giường, một chân co.",Reading a newspaper; throwing the newspaper; and sleeping
50,S2_ADL_19,2,0,0.53617024,0.25,1,False,11.3294,0.9705882,1,0.28617024,AI_sampled_frames_review_not_blinded,floor_sitting,Hạ người xuống sàn rồi ngồi trên sàn.,Sitting on the ground and writing in a notebook
53,S2_ADL_22,2,0,0.6975562,0.25,1,False,12.1293,1.0,0,0.44755619999999996,AI_sampled_frames_review_not_blinded,floor_exercise,"Chống tay/hạ thân sát sàn, sau đó trở lại tư thế ngồi/quỳ.",Exercising (Push-up) and sitting
84,S3_ADL_05,3,0,0.9860241,0.5,1,False,5.1693,1.0,0,0.48602409999999996,AI_sampled_frames_review_not_blinded,bending,Luân phiên cúi thân và đưa tay lên cao khi đứng.,Exercising (hand down & up with body bending)
87,S3_ADL_08,3,0,0.6998124,0.5,1,False,4.896167,1.0,0,0.1998124,AI_sampled_frames_review_not_blinded,floor_lying,Từ ngồi trên sàn hạ thân sang tư thế nằm.,Sitting to sleeping on the floor
127,S4_ADL_05,4,0,0.99999917,0.45,1,False,7.3616667,0.95,2,0.54999917,AI_sampled_frames_review_not_blinded,floor_exercise,"Từ đứng xuống tư thế chống tay và tập sát sàn, phía trước có khung cửa che một phần.",Doing exercise (push-up); view 1
128,S4_ADL_06,4,0,0.9957081,0.45,1,False,6.5776,1.0,0,0.5457080999999999,AI_sampled_frames_review_not_blinded,floor_exercise,Hạ xuống chống tay và nâng/hạ thân sát sàn.,Doing exercise (push-up); view 2
129,S4_ADL_07,4,0,0.99376583,0.45,1,False,4.9934,1.0,0,0.5437658299999999,AI_sampled_frames_review_not_blinded,floor_exercise,"Chống tay, duỗi chân và hạ thân sát sàn.",Doing exercise (push-up); view 3
132,S4_ADL_10,4,0,0.869428,0.45,1,False,12.8012,0.9502618,2,0.41942799999999997,AI_sampled_frames_review_not_blinded,bed_transition,Đi tới giường rồi hạ thân nằm lên giường.,Walking then sleeping on the bed after removing the goggles
137,S4_ADL_15,4,0,0.6701934,0.45,1,False,5.3295665,1.0,0,0.22019340000000004,AI_sampled_frames_review_not_blinded,bed_transition,Từ ngồi chuyển sang nằm nghiêng trên giường.,Sitting to sleeping on the bed
138,S4_ADL_16,4,0,0.7595175,0.45,1,False,7.1375666,1.0,0,0.30951749999999995,AI_sampled_frames_review_not_blinded,bed_transition,Từ đứng/ngồi gần giường chuyển sang nằm trên giường.,Sitting on the bed; removing the goggles; then sleeping
