outer_test_subject,inner_val_subject,fall_multiplier,best_epoch,epochs_ran,threshold_at_best_epoch,sensitivity,specificity,f2
1,2,1.0,26,41,0.3,1.0,0.8695652173913043,0.9765625
1,3,1.0,4,19,0.5,0.9523809523809523,0.9545454545454546,0.9523809523809523
1,4,1.0,14,29,0.5,1.0,0.85,0.9659090909090909
1,2,1.5,19,34,0.45,1.0,0.8695652173913043,0.9765625
1,3,1.5,3,18,0.2,1.0,0.9545454545454546,0.9905660377358491
1,4,1.5,13,28,0.45,1.0,0.8,0.9550561797752809
1,2,2.0,7,22,0.5,0.96,0.8695652173913043,0.9448818897637795
1,3,2.0,3,18,0.2,1.0,0.9545454545454546,0.9905660377358491
1,4,2.0,16,31,0.45,1.0,0.85,0.9659090909090909
1,2,3.0,21,36,0.4,1.0,0.8695652173913043,0.9765625
1,3,3.0,5,20,0.4,1.0,1.0,1.0
1,4,3.0,2,17,0.3,1.0,0.8,0.9550561797752809
1,2,4.0,9,24,0.4,1.0,0.8260869565217391,0.9689922480620154
1,3,4.0,14,29,0.5,1.0,0.9545454545454546,0.9905660377358491
1,4,4.0,3,18,0.3,1.0,0.8,0.9550561797752809
2,1,1.0,5,20,0.3,1.0,1.0,1.0
2,3,1.0,14,29,0.45,0.9523809523809523,0.8181818181818182,0.9259259259259259
2,4,1.0,5,20,0.4,1.0,0.85,0.9659090909090909
2,1,1.5,4,19,0.2,1.0,0.9375,0.9876543209876543
2,3,1.5,3,18,0.25,1.0,0.9545454545454546,0.9905660377358491
2,4,1.5,6,21,0.25,1.0,0.75,0.9444444444444444
2,1,2.0,6,21,0.45,1.0,0.875,0.975609756097561
2,3,2.0,3,18,0.3,1.0,1.0,1.0
2,4,2.0,4,19,0.3,1.0,0.8,0.9550561797752809
2,1,3.0,3,18,0.2,1.0,0.875,0.975609756097561
2,3,3.0,4,19,0.3,0.9523809523809523,0.9090909090909091,0.9433962264150944
2,4,3.0,3,18,0.25,1.0,0.8,0.9550561797752809
2,1,4.0,2,17,0.15,1.0,0.8125,0.963855421686747
2,3,4.0,4,19,0.15,1.0,0.8636363636363636,0.9722222222222222
2,4,4.0,3,18,0.3,1.0,0.85,0.9659090909090909
3,1,1.0,17,32,0.4,1.0,1.0,1.0
3,2,1.0,17,32,0.45,0.96,0.8260869565217391,0.9375
3,4,1.0,3,18,0.2,1.0,0.75,0.9444444444444444
3,1,1.5,10,25,0.5,1.0,1.0,1.0
3,2,1.5,25,40,0.5,0.96,0.8695652173913043,0.9448818897637795
3,4,1.5,10,25,0.35,1.0,0.8,0.9550561797752809
3,1,2.0,9,24,0.45,1.0,0.9375,0.9876543209876543
3,2,2.0,6,21,0.2,0.96,0.7391304347826086,0.9230769230769231
3,4,2.0,4,19,0.25,1.0,0.75,0.9444444444444444
3,1,3.0,1,16,0.5,1.0,0.8125,0.963855421686747
3,2,3.0,5,20,0.25,0.96,0.7391304347826086,0.9230769230769231
3,4,3.0,8,23,0.5,1.0,0.75,0.9444444444444444
3,1,4.0,3,18,0.3,1.0,0.9375,0.9876543209876543
3,2,4.0,17,32,0.35,1.0,0.782608695652174,0.9615384615384616
3,4,4.0,3,18,0.5,1.0,0.85,0.9659090909090909
4,1,1.0,16,31,0.5,1.0,1.0,1.0
4,2,1.0,14,29,0.15,1.0,0.9130434782608695,0.984251968503937
4,3,1.0,4,19,0.2,0.9523809523809523,1.0,0.9615384615384616
4,1,1.5,3,18,0.25,1.0,0.875,0.975609756097561
4,2,1.5,10,25,0.4,0.96,0.9565217391304348,0.96
4,3,1.5,25,40,0.15,0.9523809523809523,1.0,0.9615384615384616
4,1,2.0,2,17,0.25,1.0,0.875,0.975609756097561
4,2,2.0,17,32,0.35,0.96,0.9565217391304348,0.96
4,3,2.0,6,21,0.5,0.9523809523809523,1.0,0.9615384615384616
4,1,3.0,3,18,0.4,1.0,0.9375,0.9876543209876543
4,2,3.0,9,24,0.5,1.0,0.9130434782608695,0.984251968503937
4,3,3.0,5,20,0.35,0.9523809523809523,1.0,0.9615384615384616
4,1,4.0,3,18,0.35,1.0,0.9375,0.9876543209876543
4,2,4.0,7,22,0.45,0.96,0.9130434782608695,0.9523809523809523
4,3,4.0,3,18,0.4,0.9523809523809523,1.0,0.9615384615384616
