outer_test_subject,fall_multiplier,selected_threshold,median_epoch,inner_sensitivity,inner_specificity,inner_f2,target_reached
1,1.0,0.5,14,0.9682539682539683,0.8923076923076924,0.953125,True
1,1.5,0.2,13,1.0,0.8153846153846154,0.963302752293578,True
1,2.0,0.3,7,0.9523809523809523,0.8153846153846154,0.9259259259259259,True
1,3.0,0.4,5,0.9523809523809523,0.9076923076923077,0.9433962264150944,True
1,4.0,0.5,9,0.9682539682539683,0.8769230769230769,0.9501557632398754,True
2,1.0,0.45,5,0.9629629629629629,0.8793103448275862,0.9454545454545454,True
2,1.5,0.25,4,1.0,0.8793103448275862,0.9747292418772563,True
2,2.0,0.3,4,1.0,0.8448275862068966,0.967741935483871,True
2,3.0,0.2,3,1.0,0.7068965517241379,0.9407665505226481,True
2,4.0,0.15,3,1.0,0.7931034482758621,0.9574468085106383,True
3,1.0,0.25,17,0.9655172413793104,0.7966101694915254,0.9333333333333333,True
3,1.5,0.5,10,0.9827586206896551,0.8813559322033898,0.9628378378378378,True
3,2.0,0.25,6,0.9827586206896551,0.7457627118644068,0.9375,True
3,3.0,0.3,5,0.9655172413793104,0.4915254237288136,0.8805031446540881,True
3,4.0,0.4,3,0.9655172413793104,0.8135593220338984,0.9364548494983278,True
4,1.0,0.25,14,0.9516129032258065,0.9344262295081968,0.9485530546623794,True
4,1.5,0.35,10,0.967741935483871,0.9344262295081968,0.9615384615384616,True
4,2.0,0.3,6,0.9516129032258065,0.9180327868852459,0.9455128205128205,True
4,3.0,0.4,5,0.9838709677419355,0.9344262295081968,0.9744408945686901,True
4,4.0,0.45,3,0.967741935483871,0.9508196721311475,0.9646302250803859,True
