sample_index,video_id,subject,label,fall_probability,threshold,prediction,correct,duration_seconds,pose_detection_rate,missing_samples_32,margin_above_threshold,review_status
0,S1_ADL_01,1,0,0.75084615,0.4,1,False,8.273533,1.0,0,0.35084614999999997,needs_visual_review
1,S1_ADL_02,1,0,0.935249,0.4,1,False,6.689533,1.0,0,0.535249,needs_visual_review
2,S1_ADL_03,1,0,0.9728967,0.4,1,False,6.689433,1.0,0,0.5728966999999999,needs_visual_review
3,S1_ADL_04,1,0,0.09375426,0.4,0,True,5.8093,1.0,0,-0.30624574000000004,needs_visual_review
4,S1_ADL_05,1,0,0.022782901,0.4,0,True,10.5456,0.93630576,3,-0.377217099,needs_visual_review
5,S1_ADL_06,1,0,0.024682384,0.4,0,True,12.2255,1.0,0,-0.375317616,needs_visual_review
6,S1_ADL_07,1,0,0.022588303,0.4,0,True,7.5372334,1.0,0,-0.37741169700000005,needs_visual_review
7,S1_ADL_08,1,0,0.017915046,0.4,0,True,6.2894335,1.0,0,-0.38208495400000003,needs_visual_review
8,S1_ADL_09,1,0,0.017480377,0.4,0,True,4.9936,1.0,0,-0.38251962300000003,needs_visual_review
9,S1_ADL_10,1,0,0.030890532,0.4,0,True,3.9212334,1.0,0,-0.369109468,needs_visual_review
10,S1_ADL_11,1,0,0.030397665,0.4,0,True,9.313534,1.0,0,-0.369602335,needs_visual_review
11,S1_ADL_12,1,0,0.052528862,0.4,0,True,7.329533,1.0,0,-0.347471138,needs_visual_review
12,S1_ADL_13,1,0,0.07874717,0.4,0,True,6.3056,1.0,0,-0.32125283000000004,needs_visual_review
13,S1_ADL_14,1,0,0.14407231,0.4,0,True,5.8576665,1.0,0,-0.25592769000000004,needs_visual_review
14,S1_ADL_15,1,0,0.09351635,0.4,0,True,7.1692333,1.0,0,-0.30648365,needs_visual_review
15,S1_ADL_16,1,0,0.8123635,0.4,1,False,3.5214,1.0,0,0.4123635,needs_visual_review
16,S1_FALL_01,1,1,0.99415356,0.4,1,True,6.8655334,0.9458128,2,0.59415356,needs_visual_review
17,S1_FALL_02,1,1,0.9998909,0.4,1,True,6.3695,0.7248677,8,0.5998909,needs_visual_review
18,S1_FALL_03,1,1,0.99704236,0.4,1,True,5.9216332,1.0,0,0.59704236,needs_visual_review
19,S1_FALL_04,1,1,0.99151975,0.4,1,True,4.9613,0.9931507,0,0.59151975,needs_visual_review
20,S1_FALL_05,1,1,0.9987533,0.4,1,True,5.857633,1.0,0,0.5987532999999999,needs_visual_review
21,S1_FALL_06,1,1,0.99780566,0.4,1,True,5.697233,1.0,0,0.59780566,needs_visual_review
22,S1_FALL_07,1,1,0.99529666,0.4,1,True,5.1535,1.0,0,0.59529666,needs_visual_review
23,S1_FALL_08,1,1,0.9999769,0.4,1,True,4.353433,1.0,0,0.5999768999999999,needs_visual_review
24,S1_FALL_09,1,1,0.9997274,0.4,1,True,4.4815335,0.7251908,9,0.5997274,needs_visual_review
25,S1_FALL_10,1,1,0.9996327,0.4,1,True,4.4974,1.0,0,0.5996327,needs_visual_review
26,S1_FALL_11,1,1,0.986984,0.4,1,True,6.0974,1.0,0,0.586984,needs_visual_review
27,S1_FALL_12,1,1,0.9973845,0.4,1,True,6.8334,1.0,0,0.5973845,needs_visual_review
28,S1_FALL_13,1,1,0.9670623,0.4,1,True,4.3213334,1.0,0,0.5670623,needs_visual_review
29,S1_FALL_14,1,1,0.9834589,0.4,1,True,5.6973333,0.6627219,12,0.5834589,needs_visual_review
30,S1_FALL_15,1,1,0.9182708,0.4,1,True,6.001567,1.0,0,0.5182708,needs_visual_review
31,S1_FALL_16,1,1,0.99247557,0.4,1,True,6.0973,1.0,0,0.59247557,needs_visual_review
32,S2_ADL_01,2,0,0.44031653,0.25,1,False,11.393666,1.0,0,0.19031652999999998,needs_visual_review
33,S2_ADL_02,2,0,0.07641704,0.25,0,True,11.7934,1.0,0,-0.17358296,needs_visual_review
34,S2_ADL_03,2,0,0.417111,0.25,1,False,11.937333,0.9803371,1,0.167111,needs_visual_review
35,S2_ADL_04,2,0,0.55608153,0.25,1,False,7.841533,1.0,0,0.30608153000000005,needs_visual_review
36,S2_ADL_05,2,0,0.035996377,0.25,0,True,10.8175335,1.0,0,-0.214003623,needs_visual_review
37,S2_ADL_06,2,0,0.08275968,0.25,0,True,10.7534,1.0,0,-0.16724032,needs_visual_review
38,S2_ADL_07,2,0,0.0674037,0.25,0,True,12.9934,1.0,0,-0.1825963,needs_visual_review
39,S2_ADL_08,2,0,0.31679618,0.25,1,False,13.6656,1.0,0,0.06679617999999998,needs_visual_review
40,S2_ADL_09,2,0,0.057266384,0.25,0,True,10.960466,1.0,0,-0.192733616,needs_visual_review
41,S2_ADL_10,2,0,0.08180777,0.25,0,True,7.568033,1.0,0,-0.16819223,needs_visual_review
42,S2_ADL_11,2,0,0.04010538,0.25,0,True,9.9853,1.0,0,-0.20989462,needs_visual_review
43,S2_ADL_12,2,0,0.6033355,0.25,1,False,7.6015334,1.0,0,0.3533355,needs_visual_review
44,S2_ADL_13,2,0,0.14586364,0.25,0,True,4.8483,1.0,0,-0.10413636000000001,needs_visual_review
45,S2_ADL_14,2,0,0.12306361,0.25,0,True,11.057567,0.8072289,5,-0.12693639,needs_visual_review
46,S2_ADL_15,2,0,0.024793819,0.25,0,True,11.9214,0.99441344,0,-0.225206181,needs_visual_review
47,S2_ADL_16,2,0,0.49254557,0.25,1,False,11.537467,0.982659,0,0.24254557,needs_visual_review
48,S2_ADL_17,2,0,0.052624483,0.25,0,True,11.665566,0.94857144,3,-0.197375517,needs_visual_review
49,S2_ADL_18,2,0,0.042676605,0.25,0,True,11.665334,1.0,0,-0.207323395,needs_visual_review
50,S2_ADL_19,2,0,0.53617024,0.25,1,False,11.3294,0.9705882,1,0.28617024,needs_visual_review
51,S2_ADL_20,2,0,0.048543584,0.25,0,True,11.6654,0.9885714,0,-0.201456416,needs_visual_review
52,S2_ADL_21,2,0,0.12792309,0.25,0,True,10.529333,0.9936709,0,-0.12207691000000001,needs_visual_review
53,S2_ADL_22,2,0,0.6975562,0.25,1,False,12.1293,1.0,0,0.44755619999999996,needs_visual_review
54,S2_ADL_23,2,0,0.03823706,0.25,0,True,7.2803,1.0,0,-0.21176294,needs_visual_review
55,S2_FALL_01,2,1,0.9569528,0.25,1,True,6.3681,1.0,0,0.7069528,needs_visual_review
56,S2_FALL_02,2,1,0.9866108,0.25,1,True,8.4479,0.77380955,6,0.7366108,needs_visual_review
57,S2_FALL_03,2,1,0.45832935,0.25,1,True,7.041567,1.0,0,0.20832935000000002,needs_visual_review
58,S2_FALL_04,2,1,0.9367628,0.25,1,True,10.209633,1.0,0,0.6867628,needs_visual_review
59,S2_FALL_05,2,1,0.94131416,0.25,1,True,4.5281334,1.0,0,0.69131416,needs_visual_review
60,S2_FALL_06,2,1,0.7422328,0.25,1,True,6.4960666,1.0,0,0.4922328,needs_visual_review
61,S2_FALL_07,2,1,0.9153648,0.25,1,True,4.5280666,1.0,0,0.6653648,needs_visual_review
62,S2_FALL_08,2,1,0.51049757,0.25,1,True,6.0643334,1.0,0,0.26049756999999996,needs_visual_review
63,S2_FALL_09,2,1,0.9690508,0.25,1,True,5.600167,0.98802394,1,0.7190508,needs_visual_review
64,S2_FALL_10,2,1,0.8956008,0.25,1,True,11.1375,0.52095807,13,0.6456008,needs_visual_review
65,S2_FALL_11,2,1,0.97572,0.25,1,True,10.593333,0.9559748,1,0.72572,needs_visual_review
66,S2_FALL_12,2,1,0.7301599,0.25,1,True,12.2574,0.98913044,1,0.4801599,needs_visual_review
67,S2_FALL_13,2,1,0.84710586,0.25,1,True,8.896,0.9849624,1,0.59710586,needs_visual_review
68,S2_FALL_14,2,1,0.94038546,0.25,1,True,11.201433,0.9464286,2,0.69038546,needs_visual_review
69,S2_FALL_15,2,1,0.42668125,0.25,1,True,11.6653,1.0,0,0.17668125,needs_visual_review
70,S2_FALL_16,2,1,0.9690916,0.25,1,True,4.0174665,1.0,0,0.7190916,needs_visual_review
71,S2_FALL_17,2,1,0.9691321,0.25,1,True,6.4973664,1.0,0,0.7191321,needs_visual_review
72,S2_FALL_18,2,1,0.270243,0.25,1,True,11.553534,1.0,0,0.02024300000000001,needs_visual_review
73,S2_FALL_19,2,1,0.6279685,0.25,1,True,15.5213,1.0,0,0.37796850000000004,needs_visual_review
74,S2_FALL_20,2,1,0.66163844,0.25,1,True,11.457633,1.0,0,0.41163844000000005,needs_visual_review
75,S2_FALL_21,2,1,0.8093792,0.25,1,True,9.4897,1.0,0,0.5593792,needs_visual_review
76,S2_FALL_22,2,1,0.98327106,0.25,1,True,5.2013335,1.0,0,0.73327106,needs_visual_review
77,S2_FALL_23,2,1,0.95890266,0.25,1,True,7.537833,1.0,0,0.70890266,needs_visual_review
78,S2_FALL_24,2,1,0.95918906,0.25,1,True,7.1373,1.0,0,0.70918906,needs_visual_review
79,S2_FALL_25,2,1,0.9844301,0.25,1,True,7.2979,1.0,0,0.7344301,needs_visual_review
80,S3_ADL_01,3,0,0.0145255355,0.5,0,True,8.7535,1.0,0,-0.4854744645,needs_visual_review
81,S3_ADL_02,3,0,0.030361049,0.5,0,True,9.137533,1.0,0,-0.46963895099999997,needs_visual_review
82,S3_ADL_03,3,0,0.027962005,0.5,0,True,9.921766,1.0,0,-0.472037995,needs_visual_review
83,S3_ADL_04,3,0,0.066275895,0.5,0,True,10.0495,1.0,0,-0.433724105,needs_visual_review
84,S3_ADL_05,3,0,0.9860241,0.5,1,False,5.1693,1.0,0,0.48602409999999996,needs_visual_review
85,S3_ADL_06,3,0,0.44135308,0.5,0,True,8.9454,1.0,0,-0.05864691999999999,needs_visual_review
86,S3_ADL_07,3,0,0.4179086,0.5,0,True,3.3455,1.0,0,-0.08209139999999998,needs_visual_review
87,S3_ADL_08,3,0,0.6998124,0.5,1,False,4.896167,1.0,0,0.1998124,needs_visual_review
88,S3_ADL_09,3,0,0.07427674,0.5,0,True,7.7759666,1.0,0,-0.42572326,needs_visual_review
89,S3_ADL_10,3,0,0.018695528,0.5,0,True,12.433567,1.0,0,-0.481304472,needs_visual_review
90,S3_ADL_11,3,0,0.005701167,0.5,0,True,12.0815,1.0,0,-0.494298833,needs_visual_review
91,S3_ADL_12,3,0,0.019124422,0.5,0,True,10.673333,1.0,0,-0.480875578,needs_visual_review
92,S3_ADL_13,3,0,0.047090635,0.5,0,True,8.6415,1.0,0,-0.452909365,needs_visual_review
93,S3_ADL_14,3,0,0.28567314,0.5,0,True,8.865633,0.99248123,0,-0.21432686,needs_visual_review
94,S3_ADL_15,3,0,0.030401861,0.5,0,True,7.665233,1.0,0,-0.469598139,needs_visual_review
95,S3_ADL_16,3,0,0.027574325,0.5,0,True,10.257267,1.0,0,-0.472425675,needs_visual_review
96,S3_ADL_17,3,0,0.022851864,0.5,0,True,12.129434,1.0,0,-0.477148136,needs_visual_review
97,S3_ADL_18,3,0,0.009341313,0.5,0,True,11.121467,1.0,0,-0.490658687,needs_visual_review
98,S3_ADL_19,3,0,0.07355528,0.5,0,True,6.5133,0.9591837,1,-0.42644472,needs_visual_review
99,S3_ADL_20,3,0,0.020248853,0.5,0,True,9.3933,1.0,0,-0.479751147,needs_visual_review
100,S3_ADL_21,3,0,0.10927335,0.5,0,True,10.2252,1.0,0,-0.39072665,needs_visual_review
101,S3_ADL_22,3,0,0.045048833,0.5,0,True,9.4896,1.0,0,-0.454951167,needs_visual_review
102,S3_FALL_01,3,1,0.9225893,0.5,1,True,3.8095,0.99122804,0,0.42258929999999995,needs_visual_review
103,S3_FALL_02,3,1,0.99987316,0.5,1,True,6.5617,0.9846939,0,0.49987316000000004,needs_visual_review
104,S3_FALL_03,3,1,0.99636453,0.5,1,True,5.6016335,1.0,0,0.49636453,needs_visual_review
105,S3_FALL_04,3,1,0.9720399,0.5,1,True,5.4575334,0.993865,1,0.47203989999999996,needs_visual_review
106,S3_FALL_05,3,1,0.99919945,0.5,1,True,10.049367,0.99666667,0,0.49919945,needs_visual_review
107,S3_FALL_06,3,1,0.60061455,0.5,1,True,5.553633,1.0,0,0.10061454999999997,needs_visual_review
108,S3_FALL_07,3,1,0.98693836,0.5,1,True,9.0254,1.0,0,0.48693836,needs_visual_review
109,S3_FALL_08,3,1,0.9713917,0.5,1,True,6.3373,1.0,0,0.47139169999999997,needs_visual_review
110,S3_FALL_09,3,1,0.99444157,0.5,1,True,6.224233,0.99462366,1,0.49444157,needs_visual_review
111,S3_FALL_10,3,1,0.60334474,0.5,1,True,4.3855667,1.0,0,0.10334474000000005,needs_visual_review
112,S3_FALL_11,3,1,0.97311234,0.5,1,True,8.9455,1.0,0,0.47311234,needs_visual_review
113,S3_FALL_12,3,1,0.9826962,0.5,1,True,4.2561665,1.0,0,0.4826962,needs_visual_review
114,S3_FALL_13,3,1,0.9882101,0.5,1,True,4.0482335,1.0,0,0.4882101,needs_visual_review
115,S3_FALL_14,3,1,0.9955688,0.5,1,True,12.3056,0.9645777,2,0.49556880000000003,needs_visual_review
116,S3_FALL_15,3,1,0.99967563,0.5,1,True,5.6496334,0.9529412,3,0.49967563000000004,needs_visual_review
117,S3_FALL_16,3,1,0.98605806,0.5,1,True,6.0803,0.989011,0,0.48605805999999996,needs_visual_review
118,S3_FALL_17,3,1,0.707919,0.5,1,True,8.513367,0.546875,16,0.20791899999999996,needs_visual_review
119,S3_FALL_18,3,1,0.99770194,0.5,1,True,11.8736,0.8483146,6,0.49770194,needs_visual_review
120,S3_FALL_19,3,1,0.99913543,0.5,1,True,5.7136664,0.95348835,1,0.49913543000000005,needs_visual_review
121,S3_FALL_20,3,1,0.9833508,0.5,1,True,6.2414,1.0,0,0.48335079999999997,needs_visual_review
122,S3_FALL_21,3,1,0.9952656,0.5,1,True,9.169633,1.0,0,0.4952656,needs_visual_review
123,S4_ADL_01,4,0,0.04075403,0.45,0,True,12.4014,1.0,0,-0.40924597,needs_visual_review
124,S4_ADL_02,4,0,0.05825678,0.45,0,True,10.561466,1.0,0,-0.39174322,needs_visual_review
125,S4_ADL_03,4,0,0.05146011,0.45,0,True,8.9457,1.0,0,-0.39853989,needs_visual_review
126,S4_ADL_04,4,0,0.0573109,0.45,0,True,13.009467,1.0,0,-0.3926891,needs_visual_review
127,S4_ADL_05,4,0,0.99999917,0.45,1,False,7.3616667,0.95,2,0.54999917,needs_visual_review
128,S4_ADL_06,4,0,0.9957081,0.45,1,False,6.5776,1.0,0,0.5457080999999999,needs_visual_review
129,S4_ADL_07,4,0,0.99376583,0.45,1,False,4.9934,1.0,0,0.5437658299999999,needs_visual_review
130,S4_ADL_08,4,0,0.07796576,0.45,0,True,12.3375,0.9972826,0,-0.37203424,needs_visual_review
131,S4_ADL_09,4,0,0.040697664,0.45,0,True,12.129467,1.0,0,-0.409302336,needs_visual_review
132,S4_ADL_10,4,0,0.869428,0.45,1,False,12.8012,0.9502618,2,0.41942799999999997,needs_visual_review
133,S4_ADL_11,4,0,0.035851017,0.45,0,True,10.721467,1.0,0,-0.414148983,needs_visual_review
134,S4_ADL_12,4,0,0.053797983,0.45,0,True,8.6093,1.0,0,-0.396202017,needs_visual_review
135,S4_ADL_13,4,0,0.043724712,0.45,0,True,5.4895334,1.0,0,-0.406275288,needs_visual_review
136,S4_ADL_14,4,0,0.055570975,0.45,0,True,8.305667,1.0,0,-0.394429025,needs_visual_review
137,S4_ADL_15,4,0,0.6701934,0.45,1,False,5.3295665,1.0,0,0.22019340000000004,needs_visual_review
138,S4_ADL_16,4,0,0.7595175,0.45,1,False,7.1375666,1.0,0,0.30951749999999995,needs_visual_review
139,S4_ADL_17,4,0,0.3447169,0.45,0,True,6.2253666,0.9032258,4,-0.10528310000000002,needs_visual_review
140,S4_ADL_18,4,0,0.053244535,0.45,0,True,14.097433,1.0,0,-0.39675546500000003,needs_visual_review
141,S4_ADL_19,4,0,0.34789914,0.45,0,True,9.9053335,1.0,0,-0.10210086000000002,needs_visual_review
142,S4_ADL_20,4,0,0.10159495,0.45,0,True,17.5214,1.0,0,-0.34840505,needs_visual_review
143,S4_FALL_01,4,1,0.9166304,0.45,1,True,4.6575,1.0,0,0.46663039999999995,needs_visual_review
144,S4_FALL_02,4,1,0.99301445,0.45,1,True,2.9773667,1.0,0,0.54301445,needs_visual_review
145,S4_FALL_03,4,1,0.9999881,0.45,1,True,6.7055335,0.9,3,0.5499881,needs_visual_review
146,S4_FALL_04,4,1,0.9973092,0.45,1,True,4.7215667,0.78723407,7,0.5473091999999999,needs_visual_review
147,S4_FALL_05,4,1,0.5712007,0.45,1,True,7.409633,1.0,0,0.1212007,needs_visual_review
148,S4_FALL_06,4,1,0.93435234,0.45,1,True,6.1296334,1.0,0,0.48435234,needs_visual_review
149,S4_FALL_07,4,1,0.9982968,0.45,1,True,6.305033,0.9893617,1,0.5482967999999999,needs_visual_review
150,S4_FALL_08,4,1,0.97288156,0.45,1,True,6.2575336,0.6791444,12,0.5228815600000001,needs_visual_review
151,S4_FALL_09,4,1,0.983615,0.45,1,True,6.0657334,1.0,0,0.533615,needs_visual_review
152,S4_FALL_10,4,1,0.9111381,0.45,1,True,5.0575666,0.66225165,10,0.46113809999999994,needs_visual_review
153,S4_FALL_11,4,1,0.9999999,0.45,1,True,4.5614667,0.97794116,1,0.5499999,needs_visual_review
154,S4_FALL_12,4,1,0.9739507,0.45,1,True,4.6253333,0.9927536,1,0.5239506999999999,needs_visual_review
155,S4_FALL_13,4,1,0.8891467,0.45,1,True,4.9933667,1.0,0,0.43914669999999995,needs_visual_review
156,S4_FALL_14,4,1,0.99930143,0.45,1,True,5.2495666,0.77707005,8,0.5493014300000001,needs_visual_review
157,S4_FALL_15,4,1,1.0,0.45,1,True,4.849467,1.0,0,0.55,needs_visual_review
158,S4_FALL_16,4,1,0.999466,0.45,1,True,7.1056333,0.8679245,5,0.549466,needs_visual_review
159,S4_FALL_17,4,1,0.90817606,0.45,1,True,6.9294333,1.0,0,0.45817605999999994,needs_visual_review
